frame,time,luma,center_luma,diff,mask_change,fg_diff,bg_r,bg_g,bg_b,fg_area,x0,x1,y0,y1,cx,cy,fg_r,fg_g,fg_b,fg_sat,sharp,bands
0,0.0,21.846,22.8857,0.0,1.0,255.0,0.0,0.0,0.0,0.0,,,,,,,,,,,,
1,0.04,21.8464,22.8865,0.0281,0.0,0.0,0.0,0.0,0.0,0.0,,,,,,,,,,,,
2,0.08,22.0425,23.4809,0.4779,0.0,0.0,0.0,0.0,0.0,0.0,,,,,,,,,,,,
3,0.12,22.5977,25.2373,0.9902,0.0003,0.0,0.0,0.0,0.0,0.0003,,,,,,,,,,,,
4,0.16,23.9348,29.2452,1.3396,0.0065,79.0735,0.0,0.0,0.0,0.0068,0.3641,0.4875,0.3876,0.55,0.4222,0.4795,197.0,208.0,217.0,23.0,8.5225,2
5,0.2,25.0998,32.7863,1.5012,0.0071,29.5331,0.0,0.0,0.0,0.0118,0.3641,0.4953,0.3861,0.5667,0.4295,0.4849,218.0,224.0,230.0,10.0,12.3072,1
6,0.24,25.8826,35.2614,1.3294,0.009,3.8178,0.0,0.0,0.0,0.0205,0.3656,0.5734,0.3889,0.5667,0.4678,0.4865,211.0,216.0,223.0,12.0,14.2289,1
7,0.28,26.3439,36.6453,1.176,0.0094,7.2094,0.0,0.0,0.0,0.0247,0.3688,0.625,0.3889,0.5639,0.4851,0.485,160.0,171.0,180.0,20.0,16.8754,2
8,0.32,25.6972,34.7915,3.2764,0.0184,67.3373,0.0,0.0,0.0,0.025,0.3844,0.6125,0.4028,0.5583,0.4989,0.4874,214.0,219.0,224.0,11.0,24.1824,2
9,0.36,24.0354,29.8744,3.9359,0.0158,103.9223,0.0,0.0,0.0,0.0172,0.4125,0.5844,0.4297,0.5444,0.4988,0.4904,190.0,194.0,202.0,16.0,39.4737,1
10,0.4,23.2582,27.5437,1.9301,0.0075,106.5031,0.0,0.0,0.0,0.0113,0.4266,0.5641,0.4444,0.5389,0.4959,0.4929,82.0,88.0,100.0,36.0,55.3541,1
11,0.44,22.8557,26.5094,1.5641,0.0046,88.971,0.0,0.0,0.0,0.0081,0.4281,0.5474,0.4528,0.5306,0.4893,0.4936,73.5,80.5,94.5,46.5,64.1314,1
12,0.48,22.6786,26.0158,1.1427,0.0029,90.86,0.0,0.0,0.0,0.0065,0.4281,0.5344,0.4556,0.5278,0.4809,0.4925,117.5,120.5,130.0,31.0,74.5527,1
13,0.52,22.5623,25.668,0.6893,0.0022,95.3098,0.0,0.0,0.0,0.0054,0.425,0.5234,0.4583,0.5222,0.4738,0.4929,161.0,169.0,178.0,22.0,73.515,1
14,0.56,22.5078,25.5393,1.01,0.002,108.3695,0.0,0.0,0.0,0.0046,0.4219,0.5302,0.4629,0.5194,0.4686,0.4915,69.0,191.0,185.0,83.0,74.9748,1
15,0.6,22.5547,25.7228,1.0671,0.0032,98.7379,0.0,0.0,0.0,0.0056,0.4203,0.5641,0.4639,0.5194,0.4834,0.4935,37.0,178.0,129.0,119.0,62.9275,1
16,0.64,22.937,26.873,0.9863,0.0063,75.6387,0.0,0.0,0.0,0.0098,0.4156,0.6312,0.4639,0.5222,0.5235,0.4935,33.0,122.0,112.0,127.0,70.8328,1
17,0.68,23.0581,27.356,1.4508,0.0047,80.0762,0.0,0.0,0.0,0.0117,0.4078,0.6484,0.4611,0.5222,0.5335,0.4932,26.5,120.0,80.0,147.0,72.0385,1
18,0.72,23.0797,27.5157,1.533,0.0043,81.5285,0.0,0.0,0.0,0.0125,0.4,0.6641,0.4611,0.5222,0.5346,0.4927,27.0,103.0,89.5,162.5,67.8123,1
19,0.76,23.1993,27.9416,1.6169,0.0046,84.005,0.0,0.0,0.0,0.0129,0.3891,0.6594,0.4611,0.5222,0.5311,0.4924,30.0,100.0,84.0,150.0,72.043,1
20,0.8,23.2447,28.0765,1.1416,0.0052,63.579,0.0,0.0,0.0,0.0132,0.3781,0.6688,0.4611,0.5222,0.524,0.4926,38.0,87.0,81.0,147.0,73.3188,1
21,0.84,23.3647,28.5042,1.884,0.0045,97.2761,0.0,0.0,0.0,0.0141,0.3734,0.6641,0.4611,0.5222,0.5242,0.4933,44.0,75.0,86.0,130.0,76.746,1
22,0.88,23.4535,28.9246,1.7508,0.004,80.4917,0.0,0.0,0.0,0.014,0.3688,0.6609,0.4611,0.5222,0.5204,0.4941,48.0,75.0,86.0,96.0,77.4188,1
23,0.92,23.506,29.0817,1.1025,0.0039,62.534,0.0,0.0,0.0,0.0141,0.3641,0.6578,0.4639,0.5222,0.5166,0.4946,51.0,72.0,83.0,86.0,82.0268,1
24,0.96,23.5387,29.272,1.26,0.0037,46.6623,0.0,0.0,0.0,0.0139,0.3609,0.6578,0.4639,0.5222,0.5153,0.4947,53.5,72.0,84.0,83.0,83.664,1
25,1.0,23.5769,29.4708,1.1538,0.0039,35.2764,0.0,0.0,0.0,0.0139,0.3578,0.6531,0.4639,0.5222,0.5123,0.4944,60.0,73.0,87.0,72.0,84.1587,1
26,1.04,23.5735,29.4608,0.7287,0.0036,33.4674,0.0,0.0,0.0,0.0139,0.3562,0.6531,0.4639,0.5222,0.5112,0.4943,63.0,73.0,87.0,47.0,86.9763,1
27,1.08,23.5991,29.5975,1.0221,0.003,29.4145,0.0,0.0,0.0,0.014,0.3547,0.6516,0.4639,0.5222,0.5093,0.494,62.0,72.0,84.0,43.0,87.6934,1
28,1.12,23.6134,29.751,0.9736,0.003,26.8851,0.0,0.0,0.0,0.0143,0.3531,0.65,0.4611,0.5222,0.5072,0.4934,65.0,73.0,87.0,44.0,85.3573,1
29,1.16,23.59,29.6825,0.5239,0.003,18.9783,0.0,0.0,0.0,0.0139,0.3531,0.6484,0.4638,0.5222,0.5048,0.4932,66.0,75.0,89.0,46.0,85.5422,1
30,1.2,23.5354,29.6967,0.8497,0.0031,11.6184,0.0,0.0,0.0,0.0138,0.3516,0.6469,0.4635,0.5222,0.5042,0.4933,66.0,74.0,86.0,42.0,83.8164,1
31,1.24,23.5684,29.8271,0.7248,0.003,10.0567,0.0,0.0,0.0,0.014,0.3516,0.6469,0.4639,0.5222,0.5049,0.4941,60.0,69.0,83.0,46.0,88.4492,1
32,1.28,23.5794,29.8612,0.3512,0.0027,10.3912,0.0,0.0,0.0,0.0137,0.35,0.6453,0.4639,0.5222,0.5038,0.4943,64.0,73.0,87.0,41.0,85.5744,1
33,1.32,23.5689,29.9713,0.7683,0.0029,8.9814,0.0,0.0,0.0,0.0141,0.3516,0.6453,0.4639,0.5222,0.5038,0.4948,61.5,69.0,82.0,43.0,89.1739,1
34,1.36,23.5088,29.9739,0.6957,0.0026,7.9374,0.0,0.0,0.0,0.0138,0.3484,0.6438,0.4639,0.5222,0.502,0.4949,62.0,70.0,83.0,50.0,89.5458,1
35,1.4,23.508,29.9706,0.2406,0.0023,4.705,0.0,0.0,0.0,0.0136,0.3484,0.6431,0.4639,0.5222,0.5013,0.4948,61.0,70.0,83.0,49.0,87.7966,1
36,1.44,23.5312,30.1048,0.5191,0.0019,6.2912,0.0,0.0,0.0,0.0142,0.3495,0.6438,0.4639,0.5222,0.5014,0.4946,62.0,70.0,83.0,44.0,86.6125,1
37,1.48,23.517,30.1598,0.5778,0.0015,4.7635,0.0,0.0,0.0,0.0141,0.35,0.6438,0.4639,0.5222,0.5024,0.4943,66.0,75.0,84.0,36.0,87.0583,1
38,1.52,23.4782,30.2015,0.6042,0.0011,4.4341,0.0,0.0,0.0,0.0143,0.35,0.6438,0.4639,0.5222,0.502,0.4937,60.0,70.0,83.0,44.0,87.2679,1
39,1.56,23.4758,30.1931,0.1752,0.0016,5.7968,0.0,0.0,0.0,0.014,0.35,0.6438,0.4621,0.5222,0.5005,0.4929,60.0,70.0,83.0,54.0,87.4341,1
40,1.6,23.4834,30.2951,0.5177,0.0016,5.0975,0.0,0.0,0.0,0.0137,0.3484,0.6422,0.4627,0.5222,0.5,0.4926,60.0,69.0,82.0,49.0,85.4978,1
41,1.64,23.481,30.3712,0.5381,0.0019,3.9899,0.0,0.0,0.0,0.0137,0.3494,0.6438,0.4639,0.5222,0.5013,0.4927,62.0,70.0,83.0,48.0,86.593,1
42,1.68,23.5043,30.4405,0.1854,0.0015,5.5391,0.0,0.0,0.0,0.0143,0.3515,0.6453,0.4639,0.5222,0.5029,0.4931,62.0,72.0,82.0,47.0,86.9242,1
43,1.72,23.4839,30.4919,0.4946,0.0011,3.8939,0.0,0.0,0.0,0.0141,0.35,0.6453,0.4639,0.5222,0.5025,0.493,59.0,68.0,81.0,48.0,87.1843,1
44,1.76,23.4386,30.509,0.5652,0.0012,4.4593,0.0,0.0,0.0,0.014,0.3516,0.6453,0.4639,0.5222,0.5059,0.4929,61.0,70.0,82.0,46.0,86.7735,1
45,1.8,23.3951,30.3788,0.525,0.0031,20.8795,0.0,0.0,0.0,0.0128,0.3516,0.6438,0.4611,0.5222,0.5118,0.4925,139.0,147.5,153.0,32.0,81.6902,1
46,1.84,23.2971,30.1598,1.6024,0.0045,80.1246,0.0,0.0,0.0,0.0116,0.3484,0.6406,0.4611,0.5222,0.5235,0.4924,126.0,134.0,145.0,35.0,83.1144,1
47,1.88,23.173,29.8686,1.9715,0.005,128.1372,0.0,0.0,0.0,0.0097,0.3438,0.6328,0.4611,0.5194,0.5314,0.4922,68.0,76.0,87.0,47.0,85.2187,1
48,1.92,23.0963,29.6406,1.1137,0.0041,71.4167,0.0,0.0,0.0,0.0098,0.4203,0.6219,0.4583,0.5194,0.5233,0.4917,94.0,103.0,115.0,27.0,83.4921,1
49,1.96,23.0546,29.589,1.5291,0.0045,82.134,0.0,0.0,0.0,0.0088,0.4047,0.6047,0.4583,0.5194,0.5093,0.4909,164.0,168.0,176.0,23.0,71.6273,1
50,2.0,22.9636,29.4543,1.9112,0.0051,105.0012,0.0,0.0,0.0,0.0082,0.3844,0.5844,0.4583,0.5167,0.4942,0.4907,180.0,188.0,196.5,23.0,71.9106,1
51,2.04,22.7895,28.9311,0.8582,0.0052,62.5723,0.0,0.0,0.0,0.006,0.3594,0.558,0.4579,0.5167,0.4794,0.4913,167.0,178.0,189.0,29.0,63.4125,1
52,2.08,22.5416,28.2559,0.9953,0.0044,47.6259,0.0,0.0,0.0,0.0035,0.3328,0.5312,0.4583,0.5139,0.4695,0.492,141.0,153.0,164.0,33.0,55.8574,1
53,2.12,22.2956,27.6092,0.9521,0.003,57.9557,0.0,0.0,0.0,0.0011,0.4484,0.5047,0.4567,0.5139,0.4781,0.4925,131.0,141.0,152.0,36.0,48.5071,2
54,2.16,22.106,27.0401,0.3422,0.0011,0.0,0.0,0.0,0.0,0.0,,,,,,,,,,,,
55,2.2,21.9814,26.7237,0.5606,0.0,0.0,0.0,0.0,0.0,0.0,,,,,,,,,,,,
56,2.24,21.8432,26.4929,0.5461,0.0,0.0,0.0,0.0,0.0,0.0,,,,,,,,,,,,
57,2.28,21.7989,26.5204,0.429,0.0,0.0,0.0,0.0,0.0,0.0,,,,,,,,,,,,
58,2.32,21.7987,26.52,0.0162,0.0,0.0,0.0,0.0,0.0,0.0,,,,,,,,,,,,
59,2.36,21.8061,26.6278,0.4114,0.0,0.0,0.0,0.0,0.0,0.0,,,,,,,,,,,,
60,2.4,21.6714,26.4963,0.7233,0.0,0.0,0.0,0.0,0.0,0.0,,,,,,,,,,,,
61,2.44,21.8803,27.122,0.2141,0.0016,0.0,0.0,0.0,0.0,0.0016,0.3247,0.3641,0.4583,0.5111,0.344,0.4842,181.0,193.0,201.0,26.0,76.8115,1
62,2.48,22.3894,28.6778,1.0309,0.0045,117.9725,0.0,0.0,0.0,0.0058,0.2953,0.4047,0.4583,0.5194,0.3488,0.489,55.0,65.0,71.0,43.5,90.693,1
63,2.52,22.7013,29.7019,1.3709,0.0053,92.9669,0.0,0.0,0.0,0.0078,0.2781,0.4516,0.4583,0.5194,0.358,0.4915,132.0,139.0,148.0,24.0,84.5479,1
64,2.56,22.8907,30.2709,1.2329,0.0064,87.1947,0.0,0.0,0.0,0.0098,0.2656,0.5,0.4639,0.5278,0.3698,0.4947,147.5,157.0,167.0,35.0,89.3746,1
65,2.6,23.1055,30.9484,1.8265,0.0055,112.9119,0.0,0.0,0.0,0.0109,0.2562,0.5188,0.4614,0.5278,0.375,0.4959,145.5,152.5,162.0,24.0,84.165,1
66,2.64,23.0487,31.0009,2.1621,0.005,135.0505,0.0,0.0,0.0,0.0113,0.2484,0.5125,0.4639,0.5278,0.3701,0.4962,136.5,142.0,150.5,26.0,83.9376,1
67,2.68,23.0403,30.9782,1.5017,0.0042,115.4663,0.0,0.0,0.0,0.0113,0.2438,0.5078,0.4639,0.525,0.3661,0.4957,152.0,158.0,166.0,24.0,84.7296,1
68,2.72,23.0323,31.0598,1.4466,0.0035,73.8476,0.0,0.0,0.0,0.0112,0.2406,0.5047,0.4639,0.525,0.3626,0.4953,157.0,160.0,166.0,22.0,87.844,1
69,2.76,23.0698,31.2416,1.0141,0.0029,30.4204,0.0,0.0,0.0,0.0113,0.2392,0.5031,0.4639,0.525,0.3617,0.4952,144.0,153.0,161.0,24.0,86.4993,1
70,2.8,23.0748,31.2542,0.1417,0.0011,4.7883,0.0,0.0,0.0,0.0111,0.2391,0.5016,0.4639,0.525,0.3617,0.4952,89.0,97.0,98.0,33.0,86.7921,1
71,2.84,23.1181,31.4266,0.5408,0.0011,6.7241,0.0,0.0,0.0,0.0111,0.2391,0.5031,0.4639,0.525,0.3621,0.4953,139.0,147.0,123.0,65.0,86.2666,1
72,2.88,23.1635,31.7064,0.6998,0.0024,10.8796,0.0,0.0,0.0,0.0122,0.2391,0.5469,0.4639,0.525,0.3744,0.4961,159.0,168.0,104.0,75.0,83.0527,1
73,2.92,23.0872,31.6806,0.8854,0.0027,17.1392,0.0,0.0,0.0,0.0125,0.2391,0.5472,0.4639,0.525,0.3764,0.496,151.5,160.0,72.0,80.0,85.0574,1
74,2.96,23.1869,31.9833,0.6926,0.0039,29.3731,0.0,0.0,0.0,0.0138,0.2375,0.5734,0.4639,0.525,0.3921,0.496,148.0,162.0,70.0,85.0,86.8711,1
75,3.0,23.3365,32.4942,1.3844,0.0045,47.9109,0.0,0.0,0.0,0.0152,0.2359,0.5984,0.4639,0.525,0.4065,0.4957,137.0,157.0,61.0,86.0,86.0741,1
76,3.04,23.3945,32.7271,1.6125,0.0045,64.6312,0.0,0.0,0.0,0.016,0.2344,0.6094,0.4639,0.525,0.4141,0.4955,118.0,133.0,58.0,98.0,88.136,1
77,3.08,23.6344,33.4441,1.657,0.0062,77.401,0.0,0.0,0.0,0.0183,0.2312,0.6625,0.4639,0.5222,0.4379,0.4956,105.0,122.0,55.0,98.0,88.3326,1
78,3.12,23.9722,34.5561,2.4952,0.0081,90.0921,0.0,0.0,0.0,0.0208,0.2281,0.7266,0.4639,0.525,0.4699,0.4958,84.0,98.0,59.0,99.0,82.4878,1
79,3.16,24.2147,35.3986,2.9709,0.009,101.5388,0.0,0.0,0.0,0.0228,0.2234,0.7688,0.4639,0.525,0.4916,0.4959,81.0,93.0,67.0,87.0,82.9771,1
80,3.2,24.3958,35.9427,2.6379,0.0087,98.1316,0.0,0.0,0.0,0.0244,0.2203,0.7922,0.4639,0.525,0.5051,0.4956,63.0,73.0,70.0,86.0,86.6077,1
81,3.24,24.469,36.237,2.7112,0.0073,82.0222,0.0,0.0,0.0,0.0247,0.2156,0.7906,0.4639,0.525,0.5023,0.4953,65.0,74.0,86.0,57.0,86.6291,1
82,3.28,24.4095,36.1282,2.1863,0.0071,54.4885,0.0,0.0,0.0,0.0243,0.2125,0.7875,0.4639,0.525,0.5013,0.4948,59.0,68.0,82.0,20.0,94.6123,1
83,3.32,24.4727,36.3156,1.1372,0.0066,25.9953,0.0,0.0,0.0,0.0246,0.2119,0.7859,0.4611,0.5222,0.4989,0.4942,61.0,69.0,82.0,18.0,86.078,1
84,3.36,24.4672,36.3798,0.9511,0.0051,9.2159,0.0,0.0,0.0,0.0247,0.2109,0.7859,0.4611,0.5222,0.4968,0.4941,62.0,70.0,82.0,18.0,88.3274,1
85,3.4,24.4257,36.3586,0.6316,0.0023,5.3396,0.0,0.0,0.0,0.0244,0.2109,0.7859,0.4611,0.5222,0.4983,0.4944,63.0,72.0,83.0,17.0,88.7629,1
86,3.44,24.417,36.3313,0.2056,0.0021,4.0411,0.0,0.0,0.0,0.0245,0.2109,0.7859,0.4639,0.5222,0.4991,0.4948,60.0,68.0,81.0,18.0,93.2985,1
87,3.48,24.4713,36.5216,0.4788,0.0015,3.6828,0.0,0.0,0.0,0.0248,0.2109,0.7859,0.4639,0.525,0.4985,0.4949,61.0,68.0,81.0,17.0,92.4808,1
88,3.52,24.4133,36.4724,0.7949,0.003,6.5231,0.0,0.0,0.0,0.0245,0.2125,0.7852,0.4639,0.525,0.4985,0.4949,59.0,67.0,80.0,17.0,93.7865,1
89,3.56,24.4213,36.4942,0.4212,0.0037,6.7261,0.0,0.0,0.0,0.0243,0.2125,0.7859,0.4639,0.525,0.4998,0.495,59.0,67.0,80.0,19.0,92.4416,1
90,3.6,24.4475,36.6425,0.8254,0.0044,7.3311,0.0,0.0,0.0,0.0243,0.2125,0.7859,0.4611,0.5222,0.498,0.4943,66.0,74.0,83.0,18.0,86.2672,1
91,3.64,24.4081,36.5728,0.5734,0.002,4.134,0.0,0.0,0.0,0.024,0.2125,0.7859,0.4611,0.5222,0.4991,0.4943,63.0,72.5,84.0,16.0,89.1526,1
92,3.68,24.4618,36.7674,0.5338,0.0018,3.7672,0.0,0.0,0.0,0.0244,0.2125,0.7859,0.4611,0.5222,0.498,0.4944,63.0,72.0,83.5,18.0,87.3007,1
93,3.72,24.4364,36.6902,0.4434,0.0043,7.0858,0.0,0.0,0.0,0.0242,0.2125,0.7859,0.4639,0.525,0.4998,0.495,58.0,67.0,79.0,18.0,92.867,1
94,3.76,24.4609,36.8532,0.9674,0.0049,8.8315,0.0,0.0,0.0,0.0249,0.2125,0.7844,0.4639,0.525,0.4981,0.495,60.0,67.0,79.0,19.0,93.5308,1
95,3.8,24.4028,36.779,1.0329,0.0051,8.8148,0.0,0.0,0.0,0.0242,0.2109,0.7844,0.4639,0.5222,0.4985,0.495,60.0,67.0,79.0,19.0,92.6987,1
96,3.84,24.4217,36.8338,0.4691,0.0045,7.7618,0.0,0.0,0.0,0.0242,0.2094,0.7844,0.4611,0.5222,0.4956,0.4941,65.0,72.0,82.0,18.0,86.8192,1
97,3.88,24.3791,36.7431,1.1413,0.0063,12.8293,0.0,0.0,0.0,0.0238,0.2094,0.7832,0.4611,0.5222,0.4944,0.4929,62.0,70.0,83.0,17.0,89.0276,1
98,3.92,24.4585,36.9526,2.1622,0.0073,54.8011,0.0,0.0,0.0,0.024,0.2066,0.7781,0.4611,0.5222,0.4882,0.4924,69.0,76.5,87.0,18.0,88.6767,1
99,3.96,24.3559,36.6416,2.6848,0.0084,97.7523,0.0,0.0,0.0,0.0227,0.2031,0.7531,0.4611,0.5222,0.4724,0.4932,74.0,82.0,93.0,18.0,88.4579,1
100,4.0,24.1944,36.2759,3.5299,0.0098,122.9317,0.0,0.0,0.0,0.0213,0.1969,0.725,0.4611,0.525,0.4509,0.4947,81.5,86.0,87.0,22.0,85.3846,2
101,4.04,24.057,35.9807,3.5757,0.0093,129.4571,0.0,0.0,0.0,0.0214,0.1922,0.7016,0.4639,0.5333,0.4345,0.4961,81.5,87.0,82.0,31.0,91.0818,2
102,4.08,23.9408,35.6304,2.968,0.0093,124.3406,0.0,0.0,0.0,0.0199,0.1859,0.6766,0.4639,0.5528,0.4129,0.4986,118.0,125.0,83.0,36.0,84.4443,2
103,4.12,23.7738,35.0877,2.9983,0.0097,111.4138,0.0,0.0,0.0,0.0183,0.1812,0.6109,0.4639,0.5528,0.3805,0.4992,112.0,125.0,98.0,40.0,88.2166,2
104,4.16,23.5688,34.4897,2.4179,0.0074,87.7434,0.0,0.0,0.0,0.0169,0.1766,0.5531,0.4667,0.5528,0.3556,0.4997,72.5,79.5,83.0,53.0,94.4183,2
105,4.2,23.3398,33.8007,1.4597,0.0066,62.988,0.0,0.0,0.0,0.0145,0.1734,0.5078,0.4667,0.5528,0.3274,0.5001,86.0,88.0,84.0,47.0,95.8314,2
106,4.24,22.8629,32.4341,1.6004,0.0068,41.6858,0.0,0.0,0.0,0.0109,0.1719,0.4062,0.4639,0.5528,0.2786,0.4984,73.0,79.0,80.0,45.0,91.9681,2
107,4.28,22.2622,30.6607,1.2584,0.0064,29.0086,0.0,0.0,0.0,0.0059,0.1688,0.2781,0.4639,0.5528,0.2208,0.4957,52.0,56.0,54.0,66.0,90.3435,2
108,4.32,21.5473,28.517,0.7355,0.0059,30.625,0.0,0.0,0.0,0.0,,,,,,,,,,,,
109,4.36,21.5826,28.5874,0.3948,0.0,0.0,0.0,0.0,0.0,0.0,,,,,,,,,,,,
110,4.4,21.5443,28.5216,0.7375,0.0,0.0,0.0,0.0,0.0,0.0,,,,,,,,,,,,
111,4.44,21.8912,29.5448,0.8334,0.0,0.0,0.0,0.0,0.0,0.0,,,,,,,,,,,,
112,4.48,22.3637,30.9653,0.725,0.0,0.0,0.0,0.0,0.0,0.0,,,,,,,,,,,,
113,4.52,22.9178,32.6027,1.257,0.003,10.3333,0.0,0.0,0.0,0.003,0.35,0.7094,0.4583,0.5528,0.5643,0.5004,103.0,55.0,189.0,172.0,4.1425,2
114,4.56,23.2683,33.6384,1.0246,0.0076,20.2122,0.0,0.0,0.0,0.0096,0.3469,0.7156,0.4472,0.5583,0.5454,0.5021,118.0,63.0,217.0,172.0,4.8541,1
115,4.6,23.2613,33.6159,0.4778,0.0072,9.6655,0.0,0.0,0.0,0.0129,0.3469,0.7125,0.4444,0.5583,0.5403,0.4996,126.0,69.0,223.0,169.0,5.8549,1
116,4.64,23.2188,33.5203,1.1,0.0099,12.0227,0.0,0.0,0.0,0.0149,0.35,0.7062,0.4444,0.5583,0.5386,0.4985,137.0,74.0,226.0,164.0,7.4777,2
117,4.68,23.0577,33.0774,1.6167,0.0134,28.1472,0.0,0.0,0.0,0.0155,0.3562,0.6938,0.4472,0.5556,0.5369,0.4978,144.0,74.0,223.0,159.0,9.1662,2
118,4.72,22.807,32.3254,1.4779,0.0132,48.1398,0.0,0.0,0.0,0.0141,0.3672,0.675,0.45,0.55,0.5323,0.4974,147.0,76.0,218.0,153.0,11.7256,2
119,4.76,22.5953,31.6425,1.6739,0.0115,51.7773,0.0,0.0,0.0,0.0124,0.3828,0.6562,0.4556,0.5444,0.5289,0.4973,151.0,80.0,216.0,147.0,16.0552,1
120,4.8,22.4048,31.0728,1.7423,0.0083,52.9745,0.0,0.0,0.0,0.0111,0.3922,0.6422,0.4583,0.5361,0.5251,0.4956,164.0,84.0,216.0,142.0,25.2824,1
121,4.84,22.3254,30.8343,0.8115,0.0062,44.7433,0.0,0.0,0.0,0.0104,0.4,0.6297,0.4611,0.5333,0.5199,0.4944,179.0,98.0,215.0,133.0,40.8868,1
122,4.88,22.3661,30.8387,0.907,0.0042,32.3016,0.0,0.0,0.0,0.0094,0.4016,0.6234,0.4611,0.5306,0.5174,0.4935,175.0,107.0,205.0,124.0,51.4109,1
123,4.92,22.368,30.8293,0.8105,0.0029,17.0307,0.0,0.0,0.0,0.009,0.4047,0.6203,0.4611,0.5283,0.5173,0.4932,175.0,105.0,201.0,120.0,51.8555,1
124,4.96,22.3736,30.8465,0.231,0.0024,9.94,0.0,0.0,0.0,0.0088,0.4047,0.6214,0.4639,0.5278,0.5166,0.4939,185.0,105.0,200.0,113.0,53.6711,1
125,5.0,22.4172,30.9795,0.5862,0.0013,6.3375,0.0,0.0,0.0,0.0091,0.4047,0.6203,0.4639,0.5304,0.5168,0.4941,183.0,108.0,195.0,107.0,57.7906,1
126,5.04,22.5207,31.1979,0.7616,0.0026,10.783,0.0,0.0,0.0,0.0091,0.4047,0.6172,0.4639,0.5306,0.5136,0.4947,193.0,118.0,194.0,98.0,61.9986,1
127,5.08,22.5872,31.3945,0.7961,0.0039,55.0785,0.0,0.0,0.0,0.0095,0.4016,0.7219,0.4639,0.5306,0.5164,0.4948,171.0,113.0,172.0,92.0,66.1165,1
128,5.12,22.7019,31.6761,1.529,0.0054,89.2878,0.0,0.0,0.0,0.0105,0.3938,0.7109,0.4667,0.5306,0.5187,0.4953,83.0,70.0,110.0,86.0,62.2319,1
129,5.16,22.7728,31.8996,1.5832,0.0068,68.4995,0.0,0.0,0.0,0.0111,0.3766,0.6922,0.4639,0.5306,0.5056,0.4951,105.0,73.0,126.0,79.5,61.7212,1
130,5.2,22.8372,32.1045,1.6135,0.0077,66.0772,0.0,0.0,0.0,0.0113,0.3531,0.6672,0.4639,0.5306,0.4813,0.4955,124.0,84.0,133.5,76.0,64.6168,1
131,5.24,22.9184,32.3491,1.3222,0.0078,78.3357,0.0,0.0,0.0,0.0114,0.3328,0.6469,0.4639,0.5306,0.4621,0.4955,127.0,90.0,131.0,67.0,68.4746,1
132,5.28,23.0435,32.6204,1.6519,0.0069,74.4579,0.0,0.0,0.0,0.0117,0.3156,0.6297,0.4667,0.5306,0.4447,0.4964,131.0,95.0,125.0,55.0,72.7699,1
133,5.32,23.0692,32.7213,1.784,0.0064,79.4149,0.0,0.0,0.0,0.0121,0.3047,0.6188,0.4667,0.5333,0.4368,0.4968,137.0,100.0,124.0,54.0,77.2489,1
134,5.36,23.1148,32.8562,1.3876,0.0064,89.8232,0.0,0.0,0.0,0.0122,0.2953,0.6094,0.4645,0.5333,0.4293,0.4972,140.0,105.0,125.0,57.0,79.9717,1
135,5.4,23.1681,32.9833,1.9751,0.0062,107.9251,0.0,0.0,0.0,0.0122,0.2891,0.6016,0.4639,0.5333,0.421,0.4968,144.0,113.0,129.0,50.0,80.6819,1
136,5.44,23.2546,33.1838,1.9703,0.0056,108.297,0.0,0.0,0.0,0.0126,0.2827,0.5953,0.4639,0.5306,0.4159,0.4964,145.0,120.0,131.0,46.0,76.2246,1
137,5.48,23.2987,33.3146,1.4356,0.0055,93.1556,0.0,0.0,0.0,0.0127,0.2766,0.5906,0.4639,0.5306,0.4116,0.4957,152.0,130.0,139.0,43.0,73.57,1
138,5.52,23.4337,33.5856,1.7399,0.0055,77.5909,0.0,0.0,0.0,0.0127,0.2719,0.5859,0.4639,0.5306,0.4067,0.4959,150.0,141.0,147.0,26.0,65.4705,1
139,5.56,23.4948,33.7671,1.6721,0.006,64.5991,0.0,0.0,0.0,0.0127,0.2688,0.5824,0.4639,0.5333,0.4055,0.4967,161.0,159.0,165.0,18.0,59.6089,1
140,5.6,23.6009,34.0809,1.1284,0.0064,52.7726,0.0,0.0,0.0,0.013,0.2656,0.5752,0.4639,0.5333,0.4059,0.4982,169.0,174.0,180.5,17.0,54.0653,1
141,5.64,23.7273,34.4366,1.4464,0.0064,42.0686,0.0,0.0,0.0,0.0131,0.2641,0.5688,0.4667,0.5361,0.4088,0.4998,177.0,182.0,188.0,17.0,48.1266,1
142,5.68,23.935,34.9494,1.3847,0.0067,33.565,0.0,0.0,0.0,0.0134,0.2625,0.5609,0.4667,0.5361,0.412,0.501,174.0,180.0,186.0,18.0,41.3065,1
143,5.72,24.1604,35.6259,0.6581,0.0056,10.4383,0.0,0.0,0.0,0.0154,0.2625,0.6844,0.4667,0.5361,0.4401,0.5012,152.0,158.0,169.0,28.0,41.0893,1
144,5.76,24.3927,36.2385,1.0254,0.0048,13.9268,0.0,0.0,0.0,0.0172,0.2625,0.6812,0.4667,0.5361,0.4559,0.5005,174.0,179.0,186.0,20.0,46.0627,1
145,5.8,24.4619,36.3903,0.9734,0.0039,14.8022,0.0,0.0,0.0,0.0183,0.2641,0.6797,0.4667,0.5361,0.4622,0.5,173.0,176.0,186.0,19.0,50.3801,1
146,5.84,24.4467,36.3021,0.9849,0.0038,11.016,0.0,0.0,0.0,0.019,0.2641,0.6781,0.4667,0.5333,0.4641,0.4995,153.0,159.0,167.0,23.5,55.6565,1
147,5.88,24.4221,36.2275,0.3345,0.0034,6.3345,0.0,0.0,0.0,0.0197,0.2641,0.6766,0.4667,0.5333,0.4667,0.4988,143.0,150.0,158.0,25.0,60.3481,1
148,5.92,24.4588,36.1937,0.6671,0.0023,5.0475,0.0,0.0,0.0,0.0196,0.2641,0.6766,0.4667,0.5306,0.4666,0.4981,137.0,140.5,150.5,28.0,66.7924,1
149,5.96,24.4732,36.115,0.6248,0.0021,4.5562,0.0,0.0,0.0,0.0195,0.2641,0.6766,0.4667,0.5306,0.4651,0.4974,95.5,102.5,112.0,31.5,74.1266,1
150,6.0,24.441,36.0128,0.4044,0.0032,6.7853,0.0,0.0,0.0,0.0195,0.2641,0.6766,0.4667,0.5306,0.4638,0.4972,80.0,87.0,95.5,38.0,78.4726,1
151,6.04,24.4062,35.859,1.0049,0.0045,11.6728,0.0,0.0,0.0,0.0193,0.2641,0.675,0.4654,0.5306,0.4641,0.497,68.0,76.0,88.0,44.0,82.0196,1
152,6.08,24.4124,35.7865,1.1673,0.0045,17.1786,0.0,0.0,0.0,0.0191,0.2625,0.6734,0.4664,0.5306,0.4631,0.497,65.0,74.0,86.0,48.0,84.0296,1
153,6.12,24.4078,35.77,0.8357,0.0047,23.1674,0.0,0.0,0.0,0.019,0.2625,0.6719,0.4639,0.5306,0.4625,0.497,67.0,76.0,87.0,44.0,84.4015,1
154,6.16,24.4253,35.7092,1.3578,0.0052,27.9055,0.0,0.0,0.0,0.0191,0.2609,0.6703,0.4667,0.5306,0.4612,0.4977,65.0,74.0,86.0,47.0,88.7613,1
155,6.2,24.3952,35.5135,1.5277,0.0054,34.6922,0.0,0.0,0.0,0.0187,0.2609,0.6688,0.4667,0.5306,0.4636,0.4976,66.0,74.0,86.0,46.0,88.9354,1
156,6.24,24.3961,35.5121,1.181,0.0053,42.0027,0.0,0.0,0.0,0.0185,0.2797,0.6672,0.4667,0.5333,0.4674,0.498,66.0,75.0,86.0,42.0,84.3522,1
157,6.28,24.3541,35.3059,1.8974,0.0051,60.5358,0.0,0.0,0.0,0.0182,0.2797,0.6625,0.4667,0.5333,0.4658,0.4977,62.0,72.0,83.0,48.0,90.8892,1
158,6.32,24.3199,35.1042,2.2557,0.0061,83.0897,0.0,0.0,0.0,0.0172,0.2953,0.6594,0.4639,0.5306,0.4713,0.497,76.0,83.0,90.5,40.0,80.9081,1
159,6.36,24.1833,34.6936,2.1302,0.006,108.2983,0.0,0.0,0.0,0.0168,0.2938,0.6547,0.4639,0.5306,0.4699,0.4953,66.0,75.0,86.0,46.0,91.3502,1
160,6.4,24.1931,34.5873,2.5655,0.006,119.9523,0.0,0.0,0.0,0.0155,0.3109,0.6484,0.4611,0.5306,0.474,0.4943,73.0,80.5,90.0,38.0,79.7198,1
161,6.44,24.0697,34.1347,2.4216,0.0064,108.5988,0.0,0.0,0.0,0.0144,0.3219,0.6406,0.4611,0.5278,0.4758,0.4931,111.0,117.0,124.0,34.0,81.1166,1
162,6.48,23.9318,33.7196,1.6027,0.006,92.8196,0.0,0.0,0.0,0.013,0.3469,0.6281,0.4611,0.5278,0.4821,0.4933,88.0,95.0,98.0,29.0,78.0501,1
163,6.52,23.6684,32.854,2.1445,0.0061,89.3908,0.0,0.0,0.0,0.0111,0.3672,0.6156,0.4667,0.5278,0.4856,0.4948,94.0,104.0,116.0,32.0,76.846,1
164,6.56,23.3071,31.6843,1.4194,0.0063,71.3958,0.0,0.0,0.0,0.0075,0.4062,0.5922,0.4667,0.5222,0.5002,0.4941,134.0,144.0,155.0,34.0,79.1081,1
165,6.6,22.8324,30.0702,1.242,0.0059,101.7773,0.0,0.0,0.0,0.0022,0.4891,0.5609,0.4671,0.5194,0.5226,0.4931,200.5,209.0,218.0,21.0,74.0105,1
166,6.64,22.5249,29.1441,0.3524,0.0023,48.8667,0.0,0.0,0.0,0.0001,,,,,,,,,,,,
167,6.68,22.4852,29.0281,0.478,0.0001,0.0,0.0,0.0,0.0,0.0,,,,,,,,,,,,
168,6.72,22.4457,28.8941,0.5811,0.0,0.0,0.0,0.0,0.0,0.0,,,,,,,,,,,,
169,6.76,22.4491,28.9036,0.0267,0.0,0.0,0.0,0.0,0.0,0.0,,,,,,,,,,,,
170,6.8,22.539,28.9913,0.4952,0.0,0.0,0.0,0.0,0.0,0.0,,,,,,,,,,,,
171,6.84,22.5967,29.0625,0.5414,0.0,0.0,0.0,0.0,0.0,0.0,,,,,,,,,,,,
172,6.88,22.6349,29.1726,0.0775,0.0,0.0,0.0,0.0,0.0,0.0,,,,,,,,,,,,
173,6.92,22.7223,29.3533,0.6781,0.0001,0.0,0.0,0.0,0.0,0.0001,,,,,,,,,,,,
174,6.96,22.9346,29.873,0.6814,0.0028,29.0256,0.0,0.0,0.0,0.0028,0.25,0.425,0.5222,0.5667,0.3386,0.549,97.0,105.0,113.0,36.0,52.3782,1
175,7.0,23.1591,30.5443,0.5233,0.0044,49.8461,0.0,0.0,0.0,0.0055,0.25,0.425,0.5111,0.5611,0.3382,0.5398,137.0,144.0,152.0,32.0,68.2017,1
176,7.04,23.5939,31.7311,1.3528,0.0061,71.2293,0.0,0.0,0.0,0.0079,0.2516,0.4274,0.4944,0.5583,0.3404,0.5236,144.0,148.0,153.0,21.0,90.857,1
177,7.08,23.7693,32.1391,1.8228,0.009,80.813,0.0,0.0,0.0,0.009,0.2513,0.4284,0.4694,0.5306,0.3431,0.4992,41.0,48.0,58.0,54.0,100.9072,1
178,7.12,23.8631,32.4199,0.4743,0.0033,23.2775,0.0,0.0,0.0,0.0096,0.2516,0.4734,0.4667,0.5583,0.3519,0.5009,132.0,141.0,153.0,36.0,93.459,1
179,7.16,24.1128,33.1161,0.993,0.0053,6.761,0.0,0.0,0.0,0.012,0.2531,0.5844,0.4667,0.5667,0.3822,0.503,105.0,116.0,127.0,43.0,87.9381,1
180,7.2,24.4471,34.1211,1.6171,0.0075,5.8151,0.0,0.0,0.0,0.0153,0.2531,0.6406,0.4667,0.5632,0.4222,0.4993,102.0,111.0,119.0,40.0,88.7287,1
181,7.24,24.6025,34.5862,0.4905,0.0046,5.5019,0.0,0.0,0.0,0.0166,0.2547,0.6438,0.4667,0.5278,0.4343,0.4983,63.0,73.0,83.0,37.0,92.9887,1
182,7.28,24.7451,34.8485,0.8015,0.0039,11.9814,0.0,0.0,0.0,0.0167,0.2531,0.673,0.4667,0.5472,0.4375,0.4992,68.0,75.0,84.0,35.0,89.6455,3
183,7.32,24.9287,35.3086,0.9632,0.0051,6.9813,0.0,0.0,0.0,0.018,0.2531,0.7312,0.4694,0.5639,0.4616,0.5046,123.0,127.0,131.0,24.0,87.2301,1
184,7.36,25.0777,35.6937,0.9938,0.0037,10.0597,0.0,0.0,0.0,0.0192,0.2531,0.7328,0.4694,0.5556,0.473,0.5051,117.0,125.0,131.0,27.0,89.7318,1
185,7.4,25.1261,35.8369,0.4944,0.003,11.2239,0.0,0.0,0.0,0.0196,0.2531,0.7328,0.4694,0.5472,0.4754,0.5039,79.0,83.0,95.0,27.0,90.3929,1
186,7.44,25.1948,35.9089,0.9751,0.0042,12.9806,0.0,0.0,0.0,0.0203,0.2531,0.7344,0.4667,0.5389,0.4778,0.5018,63.0,73.0,82.0,39.0,92.864,1
187,7.48,25.2489,35.9332,1.0567,0.0046,16.2534,0.0,0.0,0.0,0.0202,0.2531,0.7344,0.4667,0.5361,0.4811,0.4998,63.0,72.0,82.0,40.0,90.2831,1
188,7.52,25.2447,35.9194,0.6026,0.0048,13.4696,0.0,0.0,0.0,0.0204,0.2531,0.7344,0.4667,0.5306,0.4795,0.4975,61.0,69.0,81.0,43.5,91.4596,1
189,7.56,25.3011,35.9683,0.9521,0.0042,12.866,0.0,0.0,0.0,0.0201,0.2531,0.7344,0.4639,0.5278,0.4797,0.496,62.0,70.0,81.0,45.0,88.2615,1
190,7.6,25.2939,35.8952,0.7835,0.0026,5.5831,0.0,0.0,0.0,0.0199,0.2516,0.7344,0.4639,0.5278,0.4812,0.4951,61.0,70.0,81.0,42.0,88.1724,1
191,7.64,25.301,35.9166,0.1819,0.002,2.9231,0.0,0.0,0.0,0.0202,0.2531,0.7344,0.4639,0.5278,0.4817,0.4955,61.0,69.0,81.0,43.0,90.7169,1
192,7.68,25.3185,35.8975,0.8046,0.0035,8.5233,0.0,0.0,0.0,0.0202,0.2531,0.7344,0.4667,0.5306,0.4789,0.4968,60.5,69.0,81.0,46.0,90.45,1
193,7.72,25.3789,35.9212,0.9045,0.0046,8.7544,0.0,0.0,0.0,0.0201,0.2531,0.7344,0.4667,0.5306,0.4798,0.498,61.0,69.0,80.0,45.0,89.9794,1
194,7.76,25.3743,35.9084,0.5384,0.005,8.7156,0.0,0.0,0.0,0.0202,0.2547,0.7344,0.4667,0.5306,0.4828,0.4986,60.0,68.0,81.0,47.0,92.0994,1
195,7.8,25.4409,35.9651,0.9042,0.0041,7.2565,0.0,0.0,0.0,0.0206,0.2547,0.7359,0.4667,0.5306,0.4815,0.4986,60.0,68.0,80.0,49.0,92.5719,1
196,7.84,25.4525,35.9074,0.8289,0.0035,7.821,0.0,0.0,0.0,0.0202,0.2562,0.7365,0.4667,0.5306,0.4827,0.4983,60.5,69.0,82.0,43.0,91.2107,1
197,7.88,25.4505,35.9013,0.2902,0.0029,4.3612,0.0,0.0,0.0,0.0199,0.2547,0.7359,0.4667,0.5306,0.4816,0.4973,60.0,68.0,82.0,48.0,89.6112,1
198,7.92,25.4244,35.7916,0.8997,0.0042,8.7308,0.0,0.0,0.0,0.0207,0.2547,0.7359,0.4667,0.5278,0.4807,0.4964,60.0,68.0,80.0,46.0,92.3193,1
199,7.96,25.4916,35.8261,0.8488,0.004,8.1769,0.0,0.0,0.0,0.0202,0.2541,0.7328,0.4639,0.5278,0.4811,0.4958,61.0,69.0,82.0,45.0,91.105,1
200,8.0,25.4636,35.7327,0.8274,0.003,5.7949,0.0,0.0,0.0,0.0205,0.2535,0.7356,0.4646,0.5278,0.4809,0.4957,59.0,67.0,79.0,46.0,92.9267,1
201,8.04,25.4658,35.7379,0.2368,0.0019,6.0739,0.0,0.0,0.0,0.0205,0.2547,0.7344,0.4667,0.5278,0.4797,0.4963,61.0,69.0,80.0,45.0,92.9912,1
202,8.08,25.4963,35.75,0.6298,0.0021,5.6979,0.0,0.0,0.0,0.0204,0.2531,0.7344,0.4667,0.528,0.4799,0.4967,60.0,68.0,80.0,43.0,90.8477,1
203,8.12,25.5149,35.6956,0.8258,0.0039,6.8035,0.0,0.0,0.0,0.0197,0.2531,0.7337,0.4667,0.5306,0.4809,0.4977,62.0,69.0,82.0,42.0,87.3671,1
204,8.16,25.528,35.7359,0.3349,0.0032,5.2526,0.0,0.0,0.0,0.0204,0.2547,0.7345,0.4692,0.5306,0.4814,0.4984,60.0,68.0,81.0,41.0,90.6468,1
205,8.2,25.5647,35.7286,0.8018,0.0033,8.1038,0.0,0.0,0.0,0.0202,0.2547,0.7344,0.4694,0.5333,0.4813,0.4996,59.0,67.0,80.0,44.0,89.1398,1
206,8.24,25.5698,35.663,0.8895,0.0036,6.5617,0.0,0.0,0.0,0.02,0.2531,0.7344,0.4694,0.5333,0.481,0.5005,59.0,67.0,79.0,41.0,88.8817,1
207,8.28,25.57,35.6648,0.4973,0.0044,8.4297,0.0,0.0,0.0,0.0202,0.2531,0.7344,0.4694,0.5333,0.4789,0.5011,59.0,67.0,79.0,46.0,90.4001,1
208,8.32,25.61,35.6532,1.0825,0.0048,16.8334,0.0,0.0,0.0,0.02,0.2516,0.7344,0.4694,0.5333,0.4785,0.5009,59.0,67.0,79.0,43.0,88.9723,1
209,8.36,25.6475,35.6394,1.3438,0.0054,28.4393,0.0,0.0,0.0,0.0198,0.2484,0.7328,0.4694,0.5333,0.4762,0.5003,59.0,67.0,79.0,42.0,90.541,1
210,8.4,25.6136,35.5309,1.4676,0.0057,49.9835,0.0,0.0,0.0,0.0197,0.2453,0.7312,0.4694,0.5306,0.4774,0.4995,63.0,70.0,82.0,40.0,91.4458,1
211,8.44,25.6153,35.418,2.3024,0.0061,77.5545,0.0,0.0,0.0,0.0196,0.2406,0.7297,0.4694,0.5306,0.4772,0.4994,62.5,70.0,82.0,40.5,93.4654,1
212,8.48,25.4903,34.9847,2.6716,0.0072,97.9639,0.0,0.0,0.0,0.0188,0.2344,0.7266,0.4694,0.5306,0.4782,0.4993,111.0,115.0,123.5,28.5,92.952,1
213,8.52,25.2462,34.253,2.3224,0.0083,103.9702,0.0,0.0,0.0,0.0165,0.2266,0.7234,0.4694,0.5306,0.4927,0.5001,147.0,152.0,157.0,20.0,91.8066,1
214,8.56,24.9711,33.3189,2.8002,0.0097,128.8284,0.0,0.0,0.0,0.0129,0.2141,0.7172,0.4667,0.5306,0.5288,0.5001,167.0,172.0,179.0,22.0,94.132,1
215,8.6,24.7726,32.6127,2.4098,0.0082,115.9118,0.0,0.0,0.0,0.0118,0.2125,0.7078,0.4667,0.5278,0.5415,0.4999,109.0,116.0,123.0,31.0,88.5116,1
216,8.64,24.6906,32.365,1.5704,0.0085,80.2793,0.0,0.0,0.0,0.0108,0.4016,0.6953,0.4693,0.5306,0.5494,0.4995,146.0,152.0,159.0,21.0,86.1156,1
217,8.68,24.6057,31.9984,2.1174,0.0087,111.3137,0.0,0.0,0.0,0.0095,0.3641,0.675,0.4694,0.5306,0.5439,0.5002,168.0,173.5,179.5,18.0,87.1715,1
218,8.72,24.4339,31.4148,1.7935,0.0088,79.6906,0.0,0.0,0.0,0.0082,0.3859,0.6375,0.4722,0.5333,0.5135,0.5015,162.0,166.0,172.5,21.0,85.089,1
219,8.76,23.8559,29.6962,1.8303,0.0066,77.7806,0.0,0.0,0.0,0.0042,0.4469,0.5875,0.4806,0.5361,0.5245,0.504,174.0,180.0,183.0,16.0,92.2428,1
220,8.8,23.7199,29.2882,0.6801,0.0042,104.0173,0.0,0.0,0.0,0.0033,0.4797,0.5584,0.4806,0.5361,0.516,0.5053,161.0,167.0,172.0,21.0,93.8044,1
221,8.84,23.667,28.9623,0.8379,0.0032,72.9944,0.0,0.0,0.0,0.0019,0.4531,0.5297,0.4917,0.5349,0.4862,0.5087,175.0,181.0,186.0,17.0,101.7092,1
222,8.88,23.5755,28.5621,0.7499,0.0018,73.9,0.0,0.0,0.0,0.0006,0.4303,0.5062,0.5,0.5333,0.4629,0.5137,180.5,188.5,197.0,25.0,136.3185,2
223,8.92,23.5076,28.3577,0.1369,0.0008,52.2333,0.0,0.0,0.0,0.0003,,,,,,,,,,,,
224,8.96,23.5046,28.2589,0.5731,0.0003,0.0,0.0,0.0,0.0,0.0001,,,,,,,,,,,,
225,9.0,23.526,28.2291,0.5219,0.0001,0.0,0.0,0.0,0.0,0.0,,,,,,,,,,,,
226,9.04,23.5248,28.222,0.0255,0.0,0.0,0.0,0.0,0.0,0.0,,,,,,,,,,,,
227,9.08,23.5845,28.2637,0.4774,0.0,0.0,0.0,0.0,0.0,0.0,,,,,,,,,,,,
228,9.12,23.6273,28.2582,0.5421,0.0,0.0,0.0,0.0,0.0,0.0,,,,,,,,,,,,
229,9.16,23.6535,28.3347,0.0497,0.0,0.0,0.0,0.0,0.0,0.0,,,,,,,,,,,,
230,9.2,23.794,28.6845,0.6557,0.001,0.0,0.0,0.0,0.0,0.001,0.5094,0.5531,0.4806,0.5194,0.5272,0.4989,115.0,124.0,136.0,34.0,77.8441,1
231,9.24,24.086,29.4998,0.8813,0.0029,97.6981,0.0,0.0,0.0,0.0036,0.4812,0.5688,0.475,0.5333,0.5261,0.5003,164.0,169.0,176.0,22.0,86.2604,1
232,9.28,24.4655,30.6372,0.8498,0.0056,78.666,0.0,0.0,0.0,0.0064,0.456,0.6281,0.475,0.5306,0.5441,0.4996,175.5,182.0,187.5,20.0,91.0009,1
233,9.32,24.6943,31.1391,1.3416,0.0047,84.9479,0.0,0.0,0.0,0.0078,0.4344,0.6312,0.475,0.5333,0.5368,0.4996,165.5,173.0,180.5,23.0,88.826,1
234,9.36,24.6525,31.0357,1.6508,0.0052,100.4055,0.0,0.0,0.0,0.0081,0.4167,0.6234,0.4722,0.5333,0.5203,0.499,158.0,166.0,172.5,24.0,94.0271,1
235,9.4,24.6576,31.0504,1.0858,0.0047,89.1712,0.0,0.0,0.0,0.0083,0.4047,0.6109,0.4722,0.5333,0.507,0.4987,151.0,158.0,165.0,23.0,97.11,1
236,9.44,24.6922,31.0555,1.6404,0.0035,120.6187,0.0,0.0,0.0,0.0083,0.3969,0.6045,0.4722,0.5333,0.5008,0.4987,144.0,154.0,158.0,37.0,97.0454,1
237,9.48,24.7113,31.0058,0.6757,0.0017,10.3583,0.0,0.0,0.0,0.0082,0.3969,0.6031,0.4722,0.5333,0.5013,0.4993,126.0,153.0,159.0,62.0,92.4996,1
238,9.52,24.7353,30.9478,0.5895,0.0012,9.7084,0.0,0.0,0.0,0.0082,0.3969,0.6031,0.4722,0.5333,0.5,0.4995,90.5,164.5,165.0,83.0,88.3767,1
239,9.56,24.7085,30.8625,0.205,0.0014,11.2438,0.0,0.0,0.0,0.0081,0.3963,0.6031,0.474,0.5333,0.4996,0.5001,74.0,165.0,155.5,98.0,87.8811,1
240,9.6,24.6061,30.5298,1.058,0.0018,17.6284,0.0,0.0,0.0,0.0081,0.3953,0.6031,0.4741,0.5333,0.4999,0.5007,81.0,165.0,159.0,122.0,82.7321,1
241,9.64,24.651,30.5723,0.6386,0.0019,19.4568,0.0,0.0,0.0,0.008,0.3938,0.6016,0.475,0.5333,0.4982,0.5003,76.5,158.5,158.0,119.0,87.0224,1
242,9.68,24.6997,30.7166,0.2597,0.0023,12.8135,0.0,0.0,0.0,0.0084,0.3922,0.6,0.4722,0.5333,0.4979,0.4995,66.5,123.0,119.5,105.0,85.3365,1
243,9.72,24.8038,30.8524,0.6034,0.0018,12.4255,0.0,0.0,0.0,0.0083,0.3922,0.6,0.4722,0.5333,0.4958,0.4991,86.0,147.0,152.0,77.0,92.6432,1
244,9.76,24.8874,30.9949,0.5155,0.0009,9.3019,0.0,0.0,0.0,0.0085,0.3922,0.6,0.4722,0.532,0.4954,0.4988,116.5,136.0,141.5,46.0,93.2153,1
245,9.8,24.9033,31.0388,0.0631,0.0004,3.3231,0.0,0.0,0.0,0.0084,0.3922,0.6,0.4722,0.5333,0.4958,0.499,129.0,143.0,148.0,36.0,93.6796,1
246,9.84,24.8938,30.951,0.5275,0.0013,8.062,0.0,0.0,0.0,0.0082,0.3922,0.6,0.4722,0.5333,0.4961,0.4993,132.5,140.0,148.5,31.0,95.6074,1
247,9.88,24.9735,31.0044,0.6469,0.0022,7.8658,0.0,0.0,0.0,0.0081,0.3938,0.6016,0.475,0.5333,0.4983,0.5012,136.0,145.0,150.0,24.0,91.2622,1
248,9.92,24.9643,30.9839,0.2937,0.0021,11.0068,0.0,0.0,0.0,0.0084,0.3938,0.601,0.475,0.5361,0.497,0.5018,136.0,141.0,148.0,25.0,97.1257,1
249,9.96,24.94,30.9343,0.6051,0.0016,9.1072,0.0,0.0,0.0,0.0083,0.3938,0.6016,0.475,0.5361,0.4978,0.5028,152.5,158.5,166.0,25.0,91.8497,1
250,10.0,24.955,30.869,0.501,0.0006,3.8491,0.0,0.0,0.0,0.0082,0.3938,0.6016,0.4778,0.5361,0.4983,0.503,150.0,155.0,161.0,24.0,93.6173,1
251,10.04,24.9805,30.9434,0.1154,0.0012,5.2956,0.0,0.0,0.0,0.0084,0.3941,0.6016,0.475,0.5361,0.4991,0.5026,134.0,143.0,152.0,25.0,90.3941,1
252,10.08,24.9558,30.8376,0.5274,0.0009,5.4851,0.0,0.0,0.0,0.0083,0.3953,0.6016,0.475,0.5361,0.4992,0.502,132.0,140.0,146.0,25.5,95.1923,1
253,10.12,24.9733,30.8046,0.535,0.0011,6.3087,0.0,0.0,0.0,0.0082,0.3953,0.6016,0.475,0.5361,0.4998,0.5019,145.0,153.0,157.0,21.0,92.9207,1
254,10.16,24.9789,30.8206,0.1289,0.0011,5.5453,0.0,0.0,0.0,0.0082,0.3938,0.6016,0.475,0.5333,0.4992,0.5012,131.5,135.5,142.0,26.5,91.2564,1
255,10.2,24.9954,30.7824,0.7992,0.0023,31.09,0.0,0.0,0.0,0.0082,0.3922,0.6,0.475,0.5333,0.4964,0.5006,131.0,140.0,148.0,26.0,92.4982,1
256,10.24,25.0078,30.7646,1.5131,0.0033,103.948,0.0,0.0,0.0,0.0083,0.3875,0.5953,0.475,0.5333,0.491,0.5008,125.0,132.0,141.0,25.0,90.7749,1
257,10.28,24.9618,30.5839,1.6697,0.004,122.2609,0.0,0.0,0.0,0.008,0.3812,0.5781,0.475,0.5361,0.4813,0.5011,122.0,129.0,138.5,25.0,94.5936,1
258,10.32,24.9082,30.4195,1.1532,0.0042,113.3963,0.0,0.0,0.0,0.0077,0.3719,0.5672,0.475,0.5361,0.4679,0.5012,140.5,146.5,159.0,38.0,93.0939,1
259,10.36,24.8066,30.0446,1.435,0.0043,120.9872,0.0,0.0,0.0,0.0065,0.3641,0.5375,0.475,0.5333,0.4465,0.5015,136.0,145.0,155.0,35.0,86.5844,1
260,10.4,24.6455,29.4658,1.3178,0.004,123.3266,0.0,0.0,0.0,0.0048,0.3578,0.4844,0.475,0.5333,0.4158,0.5011,147.0,151.0,156.0,25.0,90.5992,1
261,10.44,24.5115,29.0639,0.6057,0.0022,94.4924,0.0,0.0,0.0,0.0041,0.3537,0.4438,0.475,0.5361,0.3995,0.5008,40.0,46.5,56.0,62.0,94.4088,1
262,10.48,24.2274,28.0982,0.8498,0.0035,66.6854,0.0,0.0,0.0,0.0009,0.35,0.375,0.4778,0.5194,0.3624,0.4983,172.0,171.5,178.0,15.5,89.3735,1
263,10.52,24.0605,27.5955,0.6414,0.0009,0.0,0.0,0.0,0.0,0.0,,,,,,,,,,,,
264,10.56,24.0613,27.5944,0.0208,0.0,0.0,0.0,0.0,0.0,0.0,,,,,,,,,,,,
265,10.6,24.094,27.6499,0.4735,0.0,0.0,0.0,0.0,0.0,0.0,,,,,,,,,,,,
266,10.64,24.3266,28.155,0.6357,0.0011,0.0,0.0,0.0,0.0,0.0011,0.5234,0.5516,0.4739,0.5222,0.5384,0.4983,229.0,231.0,243.0,11.0,94.2051,1
267,10.68,24.6487,29.1135,0.4825,0.0032,82.9224,0.0,0.0,0.0,0.0039,0.4969,0.6,0.4613,0.5222,0.5401,0.4949,166.0,174.0,186.0,27.0,76.9606,1
268,10.72,24.978,30.1368,1.1785,0.0055,49.3072,0.0,0.0,0.0,0.0075,0.4703,0.6281,0.4611,0.5222,0.5499,0.4931,167.0,174.0,182.0,22.0,82.5341,1
269,10.76,25.0222,30.2982,1.4659,0.0045,99.171,0.0,0.0,0.0,0.0081,0.4484,0.6234,0.4611,0.5222,0.5366,0.4926,153.0,160.0,166.5,26.5,83.6568,1
270,10.8,25.0479,30.373,1.1192,0.0052,96.9811,0.0,0.0,0.0,0.0083,0.4297,0.6109,0.4613,0.5222,0.5195,0.4934,167.0,173.0,180.0,23.0,83.6061,1
271,10.84,25.0966,30.4225,1.3221,0.0047,71.7278,0.0,0.0,0.0,0.0083,0.4141,0.5953,0.4639,0.5222,0.5051,0.494,76.0,85.0,94.0,31.0,82.0543,1
272,10.88,25.1172,30.4159,1.6075,0.0037,118.7248,0.0,0.0,0.0,0.0085,0.4062,0.5859,0.4639,0.5222,0.4965,0.4946,90.5,97.5,105.5,33.0,79.9666,1
273,10.92,25.0661,30.246,0.9009,0.0021,19.6012,0.0,0.0,0.0,0.0086,0.4062,0.5864,0.4639,0.523,0.4962,0.495,76.0,86.0,95.0,40.0,83.0868,1
274,10.96,25.0048,30.0617,0.1753,0.0012,10.3359,0.0,0.0,0.0,0.0083,0.4047,0.5844,0.4639,0.5222,0.4955,0.4946,127.0,101.0,116.0,60.0,74.1329,1
275,11.0,24.9352,29.7718,0.4794,0.0012,12.9497,0.0,0.0,0.0,0.008,0.4047,0.5844,0.4639,0.5222,0.4951,0.4942,133.0,88.0,101.0,77.0,71.5791,1
276,11.04,24.8863,29.5527,0.5443,0.0007,11.9361,0.0,0.0,0.0,0.0079,0.4047,0.584,0.4639,0.5222,0.4933,0.4942,162.0,101.0,122.0,79.0,67.0933,1
277,11.08,24.8857,29.5469,0.2583,0.0008,24.7828,0.0,0.0,0.0,0.0081,0.4031,0.5844,0.4639,0.5222,0.4929,0.4944,143.5,79.0,95.0,79.0,66.5314,1
278,11.12,24.974,29.7401,0.5926,0.0014,16.8428,0.0,0.0,0.0,0.0084,0.4035,0.5875,0.4639,0.525,0.492,0.4953,102.0,75.0,88.0,79.0,68.3326,1
279,11.16,25.0612,29.9819,0.6682,0.0018,14.8116,0.0,0.0,0.0,0.0086,0.4047,0.5864,0.4639,0.525,0.4946,0.4963,70.0,67.0,77.0,68.0,75.0735,1
280,11.2,25.1362,30.2044,0.2223,0.0016,12.2414,0.0,0.0,0.0,0.0084,0.4062,0.5859,0.4667,0.525,0.4938,0.4967,82.5,88.5,94.0,47.0,78.3618,1
281,11.24,25.1604,30.243,0.5141,0.001,6.3646,0.0,0.0,0.0,0.0084,0.4062,0.5884,0.4667,0.525,0.4958,0.4967,72.5,76.0,85.0,33.0,79.311,1
282,11.28,25.1782,30.2241,0.4734,0.0008,3.8389,0.0,0.0,0.0,0.0086,0.4062,0.5891,0.4639,0.525,0.4958,0.4963,66.0,73.0,83.0,37.0,81.8111,1
283,11.32,25.1753,30.2156,0.1034,0.0009,4.6987,0.0,0.0,0.0,0.0086,0.4062,0.5875,0.4639,0.525,0.4947,0.4958,72.0,79.0,88.0,38.0,82.5552,1
284,11.36,25.1934,30.2281,0.5158,0.0009,4.4939,0.0,0.0,0.0,0.0088,0.4062,0.5859,0.4639,0.525,0.4942,0.4956,77.0,83.5,95.0,30.0,82.8836,1
285,11.4,25.1271,30.0714,0.5598,0.0009,4.8004,0.0,0.0,0.0,0.0087,0.4062,0.5874,0.4639,0.525,0.495,0.4956,65.0,72.0,82.0,34.0,87.5824,1
286,11.44,25.1433,30.1191,0.0846,0.0007,3.8324,0.0,0.0,0.0,0.0089,0.4047,0.5875,0.4639,0.525,0.4948,0.4958,68.0,74.5,83.0,42.5,83.7417,1
287,11.48,25.1595,30.1134,0.4315,0.0002,1.9881,0.0,0.0,0.0,0.0088,0.4047,0.5875,0.4639,0.525,0.4951,0.496,66.0,75.0,83.0,43.0,83.7409,1
288,11.52,25.1781,30.1014,0.4387,0.0005,3.208,0.0,0.0,0.0,0.0087,0.4062,0.5874,0.4639,0.525,0.4949,0.4964,63.0,70.0,81.0,45.0,86.2818,1
289,11.56,25.1679,30.0716,0.0734,0.0007,2.8638,0.0,0.0,0.0,0.0086,0.4062,0.5875,0.4639,0.525,0.4949,0.4964,60.0,69.0,80.0,41.5,88.4435,1
290,11.6,25.2051,30.1031,0.4594,0.0004,2.0289,0.0,0.0,0.0,0.0085,0.4062,0.5875,0.4667,0.525,0.4951,0.4966,56.0,68.0,79.5,46.5,86.7073,1
291,11.64,25.1938,30.0854,0.8688,0.0022,33.0447,0.0,0.0,0.0,0.0087,0.4032,0.5859,0.4639,0.525,0.4935,0.4965,66.5,73.0,83.0,41.5,84.3654,1
292,11.68,25.1251,29.9367,1.5949,0.0033,106.812,0.0,0.0,0.0,0.0086,0.3984,0.5781,0.4639,0.525,0.4865,0.4951,60.0,71.0,81.0,49.0,82.2117,1
293,11.72,25.1099,29.8901,1.2106,0.0037,118.2506,0.0,0.0,0.0,0.0084,0.3906,0.5665,0.4611,0.5222,0.4777,0.4934,63.0,73.0,82.0,39.0,84.1852,1
294,11.76,25.1522,29.9085,1.5539,0.0037,115.3945,0.0,0.0,0.0,0.0084,0.3828,0.5547,0.4611,0.5222,0.4686,0.4919,79.0,88.0,100.0,33.5,81.4239,1
295,11.8,25.079,29.6304,1.5821,0.004,121.0784,0.0,0.0,0.0,0.0074,0.375,0.5312,0.4583,0.5194,0.4515,0.4909,56.0,68.0,77.0,48.0,85.4939,1
296,11.84,24.8715,29.007,0.9903,0.0038,112.9431,0.0,0.0,0.0,0.006,0.3688,0.5031,0.4583,0.5194,0.4295,0.4902,116.0,125.0,136.5,37.0,79.5096,1
297,11.88,24.6666,28.4248,1.0116,0.003,75.376,0.0,0.0,0.0,0.0042,0.365,0.4469,0.4611,0.5222,0.4071,0.4919,51.5,55.5,63.5,39.5,84.8278,1
298,11.92,24.3205,27.383,0.8215,0.0033,37.279,0.0,0.0,0.0,0.0012,0.3621,0.3891,0.4667,0.5222,0.3762,0.4954,187.0,189.0,194.5,10.5,87.5926,1
299,11.96,24.1411,26.8465,0.1951,0.0012,0.0,0.0,0.0,0.0,0.0,,,,,,,,,,,,
300,12.0,24.1658,26.88,0.8338,0.0003,0.0,0.0,0.0,0.0,0.0003,,,,,,,,,,,,
301,12.04,24.2962,27.2378,0.5639,0.0012,179.6667,0.0,0.0,0.0,0.0011,0.4859,0.5234,0.4681,0.5208,0.5047,0.4965,229.0,231.0,236.0,12.0,113.1323,1
302,12.08,24.3592,27.4288,0.2991,0.0013,126.3202,0.0,0.0,0.0,0.0017,0.4828,0.5281,0.4667,0.5195,0.5059,0.4951,200.0,205.0,212.0,16.0,103.8528,1
303,12.12,24.3582,27.4347,0.4474,0.0003,5.6443,0.0,0.0,0.0,0.0018,0.4828,0.5281,0.4669,0.5222,0.5057,0.496,177.0,181.0,189.5,15.0,102.1345,1
304,12.16,24.4552,27.7097,0.7286,0.0015,100.7936,0.0,0.0,0.0,0.0023,0.475,0.5359,0.4694,0.5222,0.5027,0.4973,171.0,174.0,182.5,12.0,102.4258,1
305,12.2,24.4606,27.723,0.4799,0.0017,140.5249,0.0,0.0,0.0,0.0022,0.4688,0.5484,0.4694,0.5245,0.4982,0.4983,185.5,187.5,195.5,10.0,106.3358,1
306,12.24,24.6471,28.1947,0.8974,0.0032,77.1889,0.0,0.0,0.0,0.0035,0.4547,0.5547,0.4694,0.5222,0.5026,0.4979,196.5,202.0,205.0,16.0,99.4616,1
307,12.28,24.7546,28.5478,1.0446,0.003,83.3467,0.0,0.0,0.0,0.0047,0.4422,0.5672,0.4694,0.525,0.5026,0.4986,157.0,161.0,166.0,19.0,93.4969,1
308,12.32,24.7644,28.5703,0.0949,0.0007,6.4172,0.0,0.0,0.0,0.0048,0.4438,0.5672,0.4694,0.525,0.5024,0.4985,172.5,176.5,184.5,18.0,93.7031,1
309,12.36,24.8532,28.8573,1.1327,0.0033,72.914,0.0,0.0,0.0,0.0056,0.4312,0.5797,0.4694,0.525,0.501,0.4985,180.0,182.5,187.5,19.0,99.48,1
310,12.4,24.9995,29.2478,1.2235,0.0041,77.5964,0.0,0.0,0.0,0.0066,0.4203,0.5938,0.4694,0.5222,0.5009,0.4975,164.0,172.5,179.5,21.0,94.493,1
311,12.44,25.0314,29.301,1.3924,0.0035,121.2996,0.0,0.0,0.0,0.0069,0.4141,0.6062,0.4694,0.5222,0.4971,0.4964,164.0,168.0,176.0,22.0,96.8056,1
312,12.48,25.0341,29.308,0.1077,0.0008,5.9158,0.0,0.0,0.0,0.0067,0.4141,0.6062,0.4667,0.5222,0.4958,0.496,144.0,151.0,159.0,23.0,94.9638,1
313,12.52,25.159,29.7011,1.3178,0.0049,81.8543,0.0,0.0,0.0,0.0078,0.4031,0.6094,0.4694,0.5222,0.498,0.4969,153.0,158.5,165.0,22.0,94.0118,1
314,12.56,25.1929,29.8914,1.5928,0.005,84.7242,0.0,0.0,0.0,0.0085,0.3906,0.6203,0.4694,0.5222,0.4959,0.4975,151.0,159.0,165.0,23.0,91.7091,1
315,12.6,25.3605,30.3908,1.2702,0.0061,83.3165,0.0,0.0,0.0,0.0104,0.3766,0.6328,0.4694,0.525,0.5019,0.4977,145.0,151.0,159.0,26.0,89.9512,1
316,12.64,25.3842,30.416,1.827,0.005,120.0495,0.0,0.0,0.0,0.0099,0.3719,0.6438,0.4694,0.525,0.4938,0.4988,151.0,158.0,166.0,22.0,92.9953,1
317,12.68,25.3855,30.3974,0.5067,0.0014,6.1115,0.0,0.0,0.0,0.0096,0.3719,0.6453,0.4694,0.525,0.4926,0.4992,166.0,171.0,176.0,19.0,95.7228,1
318,12.72,25.4686,30.6457,1.4645,0.0055,104.3312,0.0,0.0,0.0,0.011,0.3632,0.6484,0.4722,0.525,0.4937,0.499,154.0,160.0,165.0,21.0,94.8934,1
319,12.76,25.5736,30.9858,1.8648,0.0063,84.2882,0.0,0.0,0.0,0.012,0.3516,0.6594,0.4722,0.525,0.4962,0.4992,73.0,79.0,89.0,37.0,96.1925,1
320,12.8,25.6117,31.1384,2.1275,0.0053,119.6842,0.0,0.0,0.0,0.0126,0.3453,0.6641,0.4694,0.525,0.5023,0.4989,74.5,80.0,89.5,38.5,91.3938,1
321,12.84,25.5888,31.0666,0.2759,0.0024,8.2686,0.0,0.0,0.0,0.0125,0.3453,0.6641,0.4694,0.525,0.5003,0.4983,68.0,75.0,83.0,40.0,95.0953,1
322,12.88,25.7774,31.6031,2.0101,0.0072,85.6614,0.0,0.0,0.0,0.0138,0.3328,0.6766,0.4694,0.525,0.5011,0.4973,61.0,69.0,80.0,48.0,89.9824,1
323,12.92,25.8805,31.909,2.146,0.007,83.2815,0.0,0.0,0.0,0.0146,0.3212,0.6891,0.4694,0.5222,0.4999,0.4964,79.0,88.0,93.0,29.0,96.6817,1
324,12.96,25.8591,31.8455,0.2775,0.0026,7.6253,0.0,0.0,0.0,0.0144,0.3219,0.6891,0.4667,0.5222,0.4975,0.496,118.0,125.0,133.0,26.0,97.7932,1
325,13.0,25.837,31.8128,0.6536,0.0026,8.338,0.0,0.0,0.0,0.0143,0.3219,0.6891,0.4667,0.5222,0.4958,0.4958,80.0,84.5,91.5,31.0,97.2142,1
326,13.04,25.7904,31.7503,0.6813,0.0033,7.1553,0.0,0.0,0.0,0.0144,0.3234,0.6906,0.4667,0.5222,0.5007,0.4951,135.0,143.0,147.0,24.0,91.5213,1
327,13.08,25.8042,31.7988,0.6963,0.003,8.9689,0.0,0.0,0.0,0.0146,0.3234,0.6906,0.4667,0.5222,0.4986,0.4947,141.0,146.5,152.0,22.0,92.6826,1
328,13.12,25.8159,31.8383,0.3936,0.0034,8.8965,0.0,0.0,0.0,0.0146,0.3243,0.6922,0.4667,0.5222,0.5005,0.4959,97.0,107.0,115.0,26.0,90.554,1
329,13.16,25.8106,31.836,0.6935,0.003,8.9355,0.0,0.0,0.0,0.0146,0.325,0.6922,0.4667,0.5222,0.5023,0.4963,76.0,83.0,90.0,35.0,93.7558,1
330,13.2,25.7523,31.7532,0.7596,0.0032,8.0392,0.0,0.0,0.0,0.0146,0.325,0.6922,0.4694,0.5222,0.5011,0.4966,134.5,139.5,147.0,29.0,93.89,1
331,13.24,25.7042,31.6073,0.2904,0.0025,7.6565,0.0,0.0,0.0,0.014,0.325,0.6922,0.4694,0.525,0.4985,0.4973,97.0,102.0,107.0,27.0,97.0199,1
332,13.28,25.7372,31.7238,0.5955,0.003,7.3038,0.0,0.0,0.0,0.0145,0.3256,0.6938,0.4694,0.525,0.5021,0.4989,124.0,132.0,139.0,25.0,91.9033,1
333,13.32,25.7755,31.7598,0.6192,0.003,7.6344,0.0,0.0,0.0,0.0144,0.3266,0.6938,0.4722,0.525,0.5044,0.4995,79.0,85.0,92.5,27.0,96.356,1
334,13.36,25.7904,31.8037,0.2236,0.0022,6.0931,0.0,0.0,0.0,0.0144,0.3252,0.6938,0.4722,0.5278,0.5026,0.5003,134.0,139.0,145.0,23.0,90.19,1
335,13.4,25.7158,31.7323,0.5996,0.0023,5.9529,0.0,0.0,0.0,0.0147,0.325,0.6922,0.4722,0.5278,0.5,0.5006,75.5,82.0,88.0,28.5,92.1113,1
336,13.44,25.6049,31.5622,1.2072,0.004,27.7048,0.0,0.0,0.0,0.0145,0.3241,0.6906,0.4722,0.5278,0.4984,0.5003,73.5,81.0,92.0,32.0,92.6205,1
337,13.48,25.6109,31.5773,1.5871,0.0052,82.3118,0.0,0.0,0.0,0.0147,0.3203,0.6875,0.4722,0.525,0.4977,0.4995,58.0,65.0,75.5,46.0,95.5811,1
338,13.52,25.6071,31.5122,2.4568,0.0064,123.4205,0.0,0.0,0.0,0.0144,0.3156,0.6812,0.4694,0.525,0.4907,0.499,70.0,77.0,87.0,28.0,94.2382,1
339,13.56,25.6223,31.5794,2.2223,0.007,97.8451,0.0,0.0,0.0,0.015,0.3078,0.6703,0.4694,0.5238,0.4789,0.4971,76.0,82.0,90.0,36.0,91.0242,1
340,13.6,25.5588,31.3845,1.8426,0.0071,95.1192,0.0,0.0,0.0,0.0144,0.2969,0.6547,0.4667,0.5222,0.4676,0.4963,80.5,85.0,94.0,33.0,92.2146,1
341,13.64,25.4023,31.0204,2.029,0.008,76.965,0.0,0.0,0.0,0.0134,0.2797,0.6312,0.4667,0.5222,0.4566,0.4955,83.0,89.0,98.0,39.0,88.9638,1
342,13.68,25.3515,30.8716,1.9639,0.0081,88.519,0.0,0.0,0.0,0.0129,0.2875,0.5969,0.4667,0.5222,0.4312,0.4957,61.0,67.0,76.0,41.0,87.7416,1
343,13.72,24.9887,29.7863,1.5061,0.0088,88.426,0.0,0.0,0.0,0.0096,0.2531,0.55,0.4667,0.5222,0.4198,0.4961,91.0,97.0,107.0,36.0,83.0236,1
344,13.76,24.7631,29.1458,1.5221,0.0071,88.0218,0.0,0.0,0.0,0.0079,0.3,0.4953,0.4694,0.5222,0.3943,0.4965,134.0,137.0,142.0,25.0,91.8755,1
345,13.8,24.4509,28.2014,1.2305,0.0053,88.2875,0.0,0.0,0.0,0.0047,0.3328,0.4469,0.4694,0.5222,0.3848,0.4971,153.0,154.0,160.0,23.0,103.543,1
346,13.84,24.292,27.8202,1.0156,0.0036,103.5491,0.0,0.0,0.0,0.0038,0.3047,0.4172,0.4694,0.5222,0.3548,0.4969,167.5,173.0,185.0,19.0,101.2075,1
347,13.88,24.0519,27.0974,0.5107,0.0029,94.5876,0.0,0.0,0.0,0.0026,0.2859,0.4,0.4694,0.5167,0.3405,0.4974,119.0,125.5,136.0,34.0,67.2922,1
348,13.92,23.7775,26.5069,0.9938,0.0027,45.1389,0.0,0.0,0.0,0.0002,,,,,,,,,,,,
349,13.96,23.7146,26.3328,0.4211,0.0002,0.0,0.0,0.0,0.0,0.0,,,,,,,,,,,,
350,14.0,23.6779,26.2245,0.0857,0.0,0.0,0.0,0.0,0.0,0.0,,,,,,,,,,,,
351,14.04,23.648,26.1749,0.3692,0.0,0.0,0.0,0.0,0.0,0.0,,,,,,,,,,,,
352,14.08,23.6338,26.1916,0.3591,0.0,0.0,0.0,0.0,0.0,0.0,,,,,,,,,,,,
353,14.12,24.1364,27.6961,1.7439,0.0107,0.0,0.0,0.0,0.0,0.0107,0.3542,0.5875,0.4028,0.5333,0.4738,0.4817,136.0,0.0,203.0,255.0,4.8207,1
354,14.16,24.2433,28.0778,1.9287,0.0129,70.4104,0.0,0.0,0.0,0.0131,0.3719,0.5672,0.4194,0.5306,0.4725,0.4834,180.0,0.0,223.0,255.0,6.7078,1
355,14.2,23.9407,27.2366,1.646,0.0102,61.5162,0.0,0.0,0.0,0.0074,0.3984,0.5422,0.4417,0.525,0.4719,0.488,175.5,11.0,218.0,243.0,9.354,1
356,14.24,23.8637,27.0006,0.6213,0.0049,55.6554,0.0,0.0,0.0,0.0054,0.4109,0.5312,0.4514,0.5222,0.4722,0.4891,175.0,19.0,219.0,230.0,12.5888,1
357,14.28,23.8284,26.9105,0.6846,0.0034,31.7094,0.0,0.0,0.0,0.0045,0.4172,0.5266,0.4556,0.5194,0.4727,0.4896,165.0,26.0,211.0,214.0,15.99,1
358,14.32,23.772,26.8719,0.5848,0.0022,20.2127,0.0,0.0,0.0,0.0043,0.4203,0.5234,0.4583,0.5194,0.4725,0.4907,166.5,31.0,209.0,198.0,22.0835,1
359,14.36,23.7864,26.9141,0.1423,0.0014,14.2815,0.0,0.0,0.0,0.0039,0.4234,0.5219,0.4608,0.5167,0.4723,0.4912,167.0,41.0,208.0,175.0,29.9623,1
360,14.4,23.6489,26.7447,0.8326,0.0011,11.2681,0.0,0.0,0.0,0.0039,0.425,0.5219,0.4611,0.5194,0.4724,0.4921,159.0,52.0,195.0,155.0,39.6455,1
361,14.44,23.6948,26.884,0.3309,0.0009,10.0238,0.0,0.0,0.0,0.0039,0.425,0.5219,0.4639,0.5194,0.4736,0.4931,172.0,68.0,203.0,145.0,46.9185,1
362,14.48,23.7348,27.0021,0.1285,0.0011,13.0706,0.0,0.0,0.0,0.0043,0.4264,0.5219,0.4639,0.5194,0.4739,0.4935,159.0,80.0,183.0,129.0,65.9036,1
363,14.52,23.8227,27.2671,0.4891,0.0007,12.1632,0.0,0.0,0.0,0.0044,0.425,0.5421,0.4639,0.5194,0.4758,0.494,159.0,96.0,179.0,114.0,71.0601,1
364,14.56,23.9162,27.6396,0.9401,0.0026,91.6597,0.0,0.0,0.0,0.0053,0.4219,0.5734,0.4619,0.525,0.4854,0.4945,145.0,86.5,161.0,106.0,68.3186,1
365,14.6,23.9896,28.0398,1.2253,0.0045,86.31,0.0,0.0,0.0,0.0073,0.4125,0.5891,0.4611,0.5222,0.4955,0.4937,145.0,90.0,167.0,105.0,65.2286,1
366,14.64,24.1839,28.622,1.1342,0.0065,93.3538,0.0,0.0,0.0,0.0099,0.3906,0.6375,0.4639,0.5194,0.504,0.4936,155.0,49.0,181.0,108.0,64.9473,1
367,14.68,24.3822,29.1603,1.5999,0.0072,95.0511,0.0,0.0,0.0,0.0112,0.3594,0.6516,0.4611,0.5194,0.488,0.4925,108.5,51.0,146.0,103.0,70.4316,1
368,14.72,24.4728,29.641,1.8491,0.008,79.2872,0.0,0.0,0.0,0.0137,0.3328,0.6688,0.4611,0.5194,0.4893,0.492,118.5,47.0,160.5,111.0,62.7515,1
369,14.76,24.6209,30.0824,1.7645,0.0076,100.0451,0.0,0.0,0.0,0.0149,0.3141,0.6656,0.4583,0.5194,0.4827,0.4911,116.0,47.0,137.0,107.0,67.3522,1
370,14.8,24.7242,30.5143,2.0109,0.0079,75.3709,0.0,0.0,0.0,0.0166,0.3,0.6984,0.4583,0.5222,0.4846,0.4915,91.0,48.0,125.5,107.0,66.0389,1
371,14.84,24.8205,30.9026,2.2291,0.0081,85.3093,0.0,0.0,0.0,0.0179,0.2891,0.6922,0.4611,0.525,0.4885,0.4926,68.0,49.0,91.0,109.0,67.3533,1
372,14.88,24.9204,31.2006,2.2028,0.0076,104.4023,0.0,0.0,0.0,0.0182,0.2797,0.6875,0.4583,0.525,0.4803,0.4927,68.0,55.0,91.0,103.0,71.9335,1
373,14.92,25.0217,31.5529,2.73,0.0074,116.1389,0.0,0.0,0.0,0.0194,0.2734,0.6984,0.4583,0.5278,0.4844,0.493,60.0,53.0,82.0,99.0,77.0529,1
374,14.96,25.0722,31.8716,2.9706,0.0071,120.0905,0.0,0.0,0.0,0.0202,0.2672,0.7125,0.4611,0.5278,0.488,0.4941,60.0,54.0,81.0,96.0,73.7936,1
375,15.0,25.2,32.2498,2.534,0.0073,109.8183,0.0,0.0,0.0,0.0207,0.2609,0.7094,0.4611,0.5278,0.4843,0.4954,53.0,56.0,76.0,93.0,78.033,1
376,15.04,25.2268,32.4596,2.586,0.0069,89.7095,0.0,0.0,0.0,0.0216,0.2562,0.7156,0.4639,0.5306,0.4876,0.4959,56.0,59.0,79.0,88.0,78.2383,1
377,15.08,25.2554,32.6376,2.0878,0.006,63.4457,0.0,0.0,0.0,0.0213,0.2531,0.7156,0.4639,0.5306,0.4877,0.4965,53.0,60.0,74.0,88.0,80.064,1
378,15.12,25.336,32.8784,1.2137,0.0055,37.8128,0.0,0.0,0.0,0.0217,0.2516,0.7141,0.4639,0.5306,0.4835,0.4961,51.0,60.0,74.0,81.0,82.4292,1
379,15.16,25.3918,33.0813,0.9013,0.005,11.6534,0.0,0.0,0.0,0.0224,0.2516,0.7297,0.4639,0.5306,0.4906,0.4956,53.0,59.0,74.0,78.0,84.0008,1
380,15.2,25.3438,33.0923,0.6449,0.0028,7.2613,0.0,0.0,0.0,0.0225,0.2516,0.7312,0.4611,0.5278,0.4946,0.4947,51.0,60.0,72.0,76.0,83.7525,1
381,15.24,25.3607,33.1388,0.4318,0.0041,7.3295,0.0,0.0,0.0,0.0221,0.2516,0.7328,0.4611,0.5278,0.4968,0.4938,48.5,60.0,70.0,74.5,84.3783,1
382,15.28,25.3443,33.2349,0.8349,0.0041,7.9278,0.0,0.0,0.0,0.0226,0.2531,0.7344,0.4611,0.5278,0.4942,0.4929,48.0,60.0,70.0,72.0,87.135,1
383,15.32,25.3292,33.2778,0.7534,0.0042,8.385,0.0,0.0,0.0,0.0229,0.2531,0.7359,0.4583,0.5258,0.4976,0.4923,49.0,60.0,70.0,64.0,87.2827,1
384,15.36,25.2964,33.2739,0.7224,0.0032,6.718,0.0,0.0,0.0,0.0227,0.2531,0.7359,0.4583,0.525,0.4994,0.4918,51.0,60.0,72.0,63.0,86.3063,1
385,15.4,25.2956,33.2691,0.2982,0.0026,5.2901,0.0,0.0,0.0,0.0223,0.2531,0.7359,0.4583,0.525,0.4986,0.4919,49.0,60.0,70.0,61.0,87.1569,1
386,15.44,25.2434,33.2328,0.5418,0.0026,5.3042,0.0,0.0,0.0,0.0225,0.2531,0.7359,0.4583,0.525,0.4995,0.4919,49.0,59.0,70.0,62.0,89.0267,1
387,15.48,25.1775,33.2186,0.837,0.0038,7.2988,0.0,0.0,0.0,0.0229,0.2531,0.7344,0.4583,0.525,0.4965,0.4922,49.0,60.0,70.0,60.0,88.8053,1
388,15.52,25.1894,33.2533,0.3946,0.0035,6.8434,0.0,0.0,0.0,0.0227,0.2516,0.7344,0.4611,0.5278,0.4947,0.4928,48.0,59.0,70.0,66.0,88.8904,1
389,15.56,25.179,33.2969,0.7943,0.0042,7.4533,0.0,0.0,0.0,0.023,0.2531,0.7345,0.4583,0.525,0.4985,0.4927,49.0,59.0,70.0,61.0,88.8091,1
390,15.6,25.1117,33.2058,1.0445,0.0047,9.777,0.0,0.0,0.0,0.0227,0.2531,0.7359,0.4611,0.5278,0.497,0.4928,48.0,58.0,69.0,62.0,89.0519,1
391,15.64,25.1189,33.2253,0.047,0.0003,0.8008,0.0,0.0,0.0,0.0228,0.2531,0.7359,0.4611,0.5278,0.4965,0.4928,48.0,58.0,69.0,62.0,88.9226,1
392,15.68,25.0684,33.2247,0.6446,0.0027,6.1936,0.0,0.0,0.0,0.0228,0.2547,0.7359,0.4611,0.5265,0.4964,0.4929,49.0,59.0,70.0,60.0,86.3589,1
393,15.72,25.0171,33.2353,0.6844,0.0034,5.5901,0.0,0.0,0.0,0.0225,0.2547,0.7359,0.4611,0.5278,0.4995,0.4939,49.0,59.0,70.0,63.0,83.8622,1
394,15.76,24.9869,33.1398,0.3804,0.0035,5.9892,0.0,0.0,0.0,0.0227,0.2547,0.7359,0.4611,0.5278,0.5006,0.4948,48.0,58.0,69.0,62.0,88.6871,1
395,15.8,24.9548,33.1448,0.52,0.0016,4.3207,0.0,0.0,0.0,0.0227,0.2547,0.7359,0.4611,0.5278,0.5,0.4953,48.0,58.0,69.0,62.0,89.3752,1
396,15.84,24.9242,33.1708,0.4747,0.0008,2.1599,0.0,0.0,0.0,0.023,0.2547,0.7359,0.4611,0.5278,0.5004,0.4952,48.0,58.0,69.0,61.0,88.7855,1
397,15.88,24.8938,33.0781,0.341,0.0028,6.8475,0.0,0.0,0.0,0.0228,0.2547,0.7359,0.4611,0.5278,0.4986,0.4946,49.0,58.0,69.0,60.0,88.4249,1
398,15.92,24.8461,33.0983,0.5709,0.0021,4.2868,0.0,0.0,0.0,0.0226,0.2531,0.7359,0.4611,0.5278,0.4961,0.4945,48.0,58.0,69.0,58.0,86.77,1
399,15.96,24.7346,32.9552,2.5451,0.0066,80.759,0.0,0.0,0.0,0.0222,0.2516,0.7328,0.4611,0.5278,0.4982,0.4945,48.0,58.0,68.0,57.0,85.5041,1
400,16.0,24.5463,32.4576,2.9563,0.0098,90.6196,0.0,0.0,0.0,0.0211,0.2688,0.7203,0.4611,0.5278,0.4986,0.4938,48.0,56.0,68.0,62.0,83.925,1
401,16.04,24.3506,31.8651,2.5731,0.0103,101.515,0.0,0.0,0.0,0.0195,0.2812,0.7,0.4611,0.5278,0.4966,0.4931,52.0,61.0,73.0,51.0,84.4793,1
402,16.08,23.9267,30.9252,2.9593,0.0098,91.517,0.0,0.0,0.0,0.0172,0.2969,0.6709,0.4583,0.5278,0.4861,0.4925,51.0,60.0,72.0,57.0,89.8508,1
403,16.12,23.7301,30.4916,2.5984,0.0092,107.2751,0.0,0.0,0.0,0.0159,0.2891,0.6375,0.4556,0.5234,0.469,0.4903,55.0,63.0,74.0,54.0,83.5897,1
404,16.16,23.5114,29.837,1.9295,0.0087,94.1829,0.0,0.0,0.0,0.0142,0.3109,0.6031,0.4556,0.525,0.4562,0.489,53.0,60.0,72.0,51.0,89.4388,1
405,16.2,23.2621,29.2182,1.977,0.0073,90.9892,0.0,0.0,0.0,0.0124,0.3125,0.5656,0.4556,0.525,0.4384,0.4891,53.0,60.5,73.0,54.0,85.9981,1
406,16.24,23.0357,28.6423,1.7931,0.0066,89.1793,0.0,0.0,0.0,0.0106,0.3188,0.5297,0.4556,0.5266,0.4223,0.4898,48.0,56.0,68.0,60.0,88.7472,1
407,16.28,22.7407,27.7532,1.2365,0.0061,88.2909,0.0,0.0,0.0,0.0079,0.3344,0.4953,0.4556,0.5306,0.412,0.4904,46.0,53.0,65.0,57.0,82.4485,1
408,16.32,22.3767,26.8385,1.415,0.0056,113.2016,0.0,0.0,0.0,0.0052,0.3594,0.4656,0.4583,0.5308,0.4088,0.4924,44.0,49.0,60.0,61.0,87.1623,1
409,16.36,22.0124,25.9943,1.2115,0.0035,89.8803,0.0,0.0,0.0,0.0033,0.3656,0.4391,0.4583,0.5167,0.4011,0.4871,103.0,109.0,118.0,36.0,87.9559,1
410,16.4,21.7788,25.2938,0.4183,0.0026,90.5662,0.0,0.0,0.0,0.0011,0.3891,0.4211,0.4611,0.5139,0.4047,0.486,174.0,180.0,187.0,19.0,88.985,1
411,16.44,21.6122,24.9235,0.623,0.0011,110.8083,0.0,0.0,0.0,0.0003,,,,,,,,,,,,
412,16.48,21.5283,24.7912,0.4233,0.0003,0.0,0.0,0.0,0.0,0.0,,,,,,,,,,,,
413,16.52,21.5256,24.7787,0.0274,0.0,0.0,0.0,0.0,0.0,0.0,,,,,,,,,,,,
414,16.56,21.4082,24.6732,0.4322,0.0,0.0,0.0,0.0,0.0,0.0,,,,,,,,,,,,
415,16.6,21.3506,24.6358,0.4462,0.0,0.0,0.0,0.0,0.0,0.0,,,,,,,,,,,,
416,16.64,21.3508,24.6349,0.0213,0.0,0.0,0.0,0.0,0.0,0.0,,,,,,,,,,,,
417,16.68,21.2462,24.5564,0.3963,0.0,0.0,0.0,0.0,0.0,0.0,,,,,,,,,,,,
418,16.72,21.2124,24.6403,0.4246,0.0,0.0,0.0,0.0,0.0,0.0,,,,,,,,,,,,
419,16.76,21.1591,24.7543,0.5349,0.0,0.0,0.0,0.0,0.0,0.0,,,,,,,,,,,,
420,16.8,21.1735,24.8875,0.8397,0.0,0.0,0.0,0.0,0.0,0.0,,,,,,,,,,,,
421,16.84,21.2918,25.369,0.6424,0.0,0.0,0.0,0.0,0.0,0.0,,,,,,,,,,,,
422,16.88,21.4356,25.9759,0.9093,0.0,0.0,0.0,0.0,0.0,0.0,,,,,,,,,,,,
423,16.92,21.7083,26.7916,0.7945,0.0015,30.0,0.0,0.0,0.0,0.0015,0.4438,0.6578,0.4278,0.5333,0.5629,0.481,116.0,126.0,137.0,38.0,22.5095,6
424,16.96,22.0287,27.9453,1.4467,0.0048,38.0725,0.0,0.0,0.0,0.0039,0.4062,0.6203,0.4222,0.5333,0.5235,0.4792,154.0,165.0,176.0,31.0,28.4853,4
425,17.0,22.3806,29.2588,1.9232,0.009,46.1547,0.0,0.0,0.0,0.0072,0.3703,0.5812,0.4222,0.5389,0.4804,0.4825,154.0,164.0,172.0,28.0,33.9387,1
426,17.04,22.7884,30.4779,2.0266,0.0141,77.5502,0.0,0.0,0.0,0.0141,0.3438,0.5453,0.425,0.5389,0.4412,0.4864,185.0,190.0,200.0,19.0,29.5952,1
427,17.08,22.7744,30.6403,2.7698,0.0109,101.5164,0.0,0.0,0.0,0.0137,0.3312,0.6234,0.4306,0.5389,0.4252,0.4879,160.0,168.0,175.0,24.0,34.6809,1
428,17.12,22.8109,30.9731,2.8953,0.0095,124.7987,0.0,0.0,0.0,0.0147,0.3266,0.6297,0.4361,0.5444,0.4352,0.4922,146.5,157.5,166.5,31.0,42.8301,2
429,17.16,22.8833,31.1852,2.3459,0.0107,88.4875,0.0,0.0,0.0,0.0167,0.3266,0.6109,0.4417,0.5417,0.4575,0.4952,148.0,155.0,160.5,25.0,45.4751,1
430,17.2,22.8995,31.4117,2.534,0.0099,67.2547,0.0,0.0,0.0,0.0166,0.3297,0.7359,0.4472,0.5361,0.477,0.4947,144.0,152.0,161.0,28.0,49.9689,1
431,17.24,22.7846,31.3724,2.5521,0.0119,68.2232,0.0,0.0,0.0,0.0194,0.3328,0.7109,0.45,0.5306,0.513,0.4946,144.0,147.0,154.0,29.0,51.9305,1
432,17.28,22.5644,30.7122,1.9814,0.0086,73.0624,0.0,0.0,0.0,0.0179,0.3359,0.6922,0.45,0.5278,0.5042,0.4932,98.0,106.0,113.0,33.0,56.8404,1
433,17.32,22.2957,30.155,2.1914,0.0074,74.4249,0.0,0.0,0.0,0.0168,0.3375,0.7316,0.4528,0.525,0.5093,0.4927,89.0,96.0,105.0,41.0,61.2675,1
434,17.36,22.1613,29.8745,2.0909,0.0073,76.1149,0.0,0.0,0.0,0.0168,0.3375,0.7266,0.4528,0.5222,0.512,0.4921,95.5,103.0,115.0,38.0,67.7215,1
435,17.4,22.0937,29.6684,1.6992,0.0071,74.6839,0.0,0.0,0.0,0.0161,0.3376,0.714,0.4556,0.5222,0.5135,0.493,88.0,93.5,102.0,32.0,68.3705,1
436,17.44,21.8459,29.2749,2.048,0.0064,75.0507,0.0,0.0,0.0,0.016,0.3375,0.7047,0.4583,0.5222,0.5131,0.4938,68.0,75.0,83.5,37.5,73.3558,1
437,17.48,21.6639,29.0389,1.8195,0.0054,66.0877,0.0,0.0,0.0,0.0155,0.3375,0.6969,0.4583,0.5222,0.5113,0.495,54.0,61.5,73.0,55.0,75.1418,1
438,17.52,21.5353,28.9034,1.6163,0.0049,51.4094,0.0,0.0,0.0,0.0152,0.3359,0.6906,0.4611,0.5222,0.5106,0.4957,55.0,62.0,73.0,55.0,76.6478,1
439,17.56,21.4972,28.7873,1.0849,0.0047,45.9013,0.0,0.0,0.0,0.0152,0.3359,0.6875,0.4611,0.525,0.5076,0.4962,51.0,59.0,70.0,60.0,81.7434,1
440,17.6,21.4249,28.7454,1.3185,0.0044,47.8063,0.0,0.0,0.0,0.0151,0.3344,0.6844,0.4611,0.525,0.5079,0.4968,52.0,59.0,70.0,59.0,82.9352,1
441,17.64,21.24,28.5351,1.5371,0.0042,51.9071,0.0,0.0,0.0,0.015,0.3312,0.6812,0.4611,0.525,0.5023,0.4969,48.0,56.0,68.0,60.0,86.1584,1
442,17.68,21.2404,28.5354,1.1275,0.0044,54.634,0.0,0.0,0.0,0.0146,0.3297,0.6781,0.4611,0.525,0.5013,0.4967,48.5,55.5,67.0,56.0,85.7047,1
443,17.72,21.1849,28.5544,1.3661,0.0043,49.5964,0.0,0.0,0.0,0.0151,0.3266,0.675,0.4611,0.525,0.4988,0.4965,48.0,56.0,68.0,56.0,85.4994,2
444,17.76,21.0902,28.504,1.1936,0.004,32.224,0.0,0.0,0.0,0.0147,0.325,0.6734,0.4611,0.525,0.4987,0.4966,49.0,56.0,68.0,61.0,85.0596,1
445,17.8,21.0917,28.5073,0.4919,0.0034,13.8533,0.0,0.0,0.0,0.0146,0.3234,0.6719,0.4611,0.5234,0.4959,0.496,49.0,57.0,68.0,57.0,86.4457,1
446,17.84,20.9852,28.4253,0.6335,0.0028,6.9755,0.0,0.0,0.0,0.0145,0.3234,0.6719,0.4611,0.5222,0.4969,0.4954,51.0,59.0,69.0,57.0,86.5208,1
447,17.88,20.8729,28.3812,0.626,0.0019,6.5571,0.0,0.0,0.0,0.0145,0.3234,0.6719,0.4611,0.5222,0.4953,0.4947,49.0,59.0,69.0,57.0,84.9125,1
448,17.92,20.8679,28.3654,0.2118,0.002,5.8291,0.0,0.0,0.0,0.0146,0.3234,0.6719,0.4583,0.5222,0.4958,0.4939,49.0,56.0,68.0,54.0,87.372,1
449,17.96,20.7792,28.3284,0.6702,0.0029,9.001,0.0,0.0,0.0,0.0147,0.3219,0.6703,0.4583,0.5222,0.4938,0.4935,49.0,57.0,69.0,60.0,86.9907,1
450,18.0,20.6523,28.2241,0.9022,0.0031,15.5428,0.0,0.0,0.0,0.0145,0.3203,0.6703,0.4583,0.5222,0.4929,0.4932,49.0,56.0,68.0,57.0,88.238,1
451,18.04,20.6613,28.2485,0.4703,0.0033,12.7998,0.0,0.0,0.0,0.0145,0.3203,0.6688,0.4583,0.5222,0.4941,0.4936,49.0,58.0,70.0,57.0,86.5823,1
452,18.08,20.6096,28.285,0.6733,0.003,8.5358,0.0,0.0,0.0,0.0148,0.3203,0.6688,0.4583,0.5222,0.4901,0.494,49.0,58.0,69.0,56.0,86.9206,1
453,18.12,20.4947,28.2234,0.6329,0.0022,7.1766,0.0,0.0,0.0,0.0149,0.3188,0.6672,0.4611,0.5222,0.4895,0.4947,48.0,56.0,69.0,62.0,88.517,1
454,18.16,20.3626,28.1445,0.558,0.001,3.8287,0.0,0.0,0.0,0.0149,0.3188,0.6672,0.4611,0.5222,0.4886,0.4949,48.0,56.0,69.0,58.0,88.3493,1
455,18.2,20.3393,28.0727,0.1113,0.001,3.5941,0.0,0.0,0.0,0.0146,0.3188,0.6672,0.4611,0.5222,0.4898,0.4948,48.0,56.0,69.0,62.0,89.342,1
456,18.24,20.304,28.1467,0.4849,0.0018,5.4317,0.0,0.0,0.0,0.0148,0.3188,0.6672,0.4583,0.5222,0.4907,0.4943,48.0,56.0,68.0,62.0,88.1258,1
457,18.28,20.2299,28.1539,0.5084,0.0008,2.4965,0.0,0.0,0.0,0.0148,0.3188,0.6672,0.4583,0.5222,0.4913,0.4941,47.0,56.0,68.0,64.0,87.1035,1
458,18.32,20.2253,28.1389,0.1691,0.0015,4.9023,0.0,0.0,0.0,0.0146,0.3188,0.6672,0.4611,0.5222,0.4903,0.4947,49.0,58.0,69.0,62.0,86.8624,1
459,18.36,20.1415,28.1188,0.5713,0.002,6.4354,0.0,0.0,0.0,0.0145,0.3188,0.6672,0.4611,0.5222,0.4905,0.4954,47.0,56.0,68.0,63.0,89.2052,1
460,18.4,20.0396,28.1065,0.65,0.0021,4.6626,0.0,0.0,0.0,0.0148,0.3188,0.6672,0.4611,0.525,0.491,0.496,48.0,56.0,68.0,58.0,87.1552,1
461,18.44,20.0334,28.0892,0.2031,0.0019,5.5453,0.0,0.0,0.0,0.0148,0.3188,0.6672,0.4611,0.525,0.4911,0.497,48.0,58.0,69.0,60.0,87.933,2
462,18.48,19.985,28.1417,0.6128,0.0022,5.9137,0.0,0.0,0.0,0.0148,0.3188,0.6672,0.4615,0.5278,0.4906,0.4973,52.0,58.0,70.0,57.0,86.1811,2
463,18.52,19.9118,28.1335,0.5674,0.0017,4.4389,0.0,0.0,0.0,0.0148,0.3172,0.6672,0.4611,0.5306,0.4901,0.4973,47.0,54.0,68.0,63.0,88.795,2
464,18.56,19.9663,28.2954,0.2605,0.0021,6.6517,0.0,0.0,0.0,0.0152,0.3172,0.6672,0.4639,0.5386,0.4901,0.4981,52.0,58.0,72.0,57.0,85.4886,2
465,18.6,19.9039,28.379,1.4587,0.0043,47.6406,0.0,0.0,0.0,0.0152,0.3156,0.6641,0.4639,0.5444,0.4889,0.4987,56.0,59.0,74.0,57.0,77.7305,2
466,18.64,19.8759,28.5207,2.3391,0.0063,109.804,0.0,0.0,0.0,0.0151,0.3109,0.6594,0.4639,0.5444,0.485,0.4991,96.5,76.0,126.5,48.0,64.3565,2
467,18.68,19.8904,28.5622,1.9517,0.0084,106.5952,0.0,0.0,0.0,0.014,0.3031,0.6484,0.4639,0.5444,0.4814,0.4993,151.5,155.0,167.0,23.0,52.348,1
468,18.72,19.647,28.0601,2.248,0.0111,72.0179,0.0,0.0,0.0,0.0103,0.2938,0.6312,0.4639,0.5417,0.4886,0.4993,154.0,158.0,175.0,32.0,42.5415,2
469,18.76,19.2494,27.1116,1.6053,0.01,47.611,0.0,0.0,0.0,0.0055,0.2766,0.6062,0.4639,0.5417,0.4986,0.5008,145.0,152.5,167.0,30.0,43.9214,2
470,18.8,18.9735,26.2868,1.0054,0.006,27.1272,0.0,0.0,0.0,0.0036,0.35,0.5667,0.4722,0.5417,0.4766,0.5026,159.0,158.0,179.0,29.0,52.1155,3
471,18.84,18.6379,25.5216,1.1557,0.0038,29.0517,0.0,0.0,0.0,0.0031,0.3706,0.5466,0.4699,0.5417,0.4403,0.501,160.0,160.0,180.5,30.0,55.631,2
472,18.88,18.17,24.3437,1.0603,0.003,26.8369,0.0,0.0,0.0,0.001,0.3381,0.5228,0.4639,0.5417,0.4462,0.5121,150.0,88.0,172.0,54.0,67.1161,5
473,18.92,17.9389,23.8388,0.851,0.0017,36.4917,0.0,0.0,0.0,0.0013,0.3906,0.4811,0.4611,0.5444,0.4195,0.5052,125.0,125.0,144.0,37.0,55.0625,2
474,18.96,18.2239,24.6914,0.569,0.0066,37.563,0.0,0.0,0.0,0.006,0.3766,0.6094,0.4222,0.5472,0.5395,0.477,20.0,138.0,84.0,226.0,30.0517,2
475,19.0,18.2521,25.0313,0.9222,0.0047,41.658,0.0,0.0,0.0,0.008,0.3646,0.6094,0.4222,0.5472,0.5557,0.4785,22.0,87.0,109.0,194.0,35.3393,2
476,19.04,18.1933,25.1077,0.9561,0.0043,29.9641,0.0,0.0,0.0,0.0094,0.5165,0.6422,0.4222,0.5306,0.5745,0.4799,19.0,125.0,70.0,227.0,27.4079,1
477,19.08,18.3277,25.5088,0.3511,0.0035,23.1549,0.0,0.0,0.0,0.0102,0.5141,0.6453,0.425,0.5389,0.5804,0.4836,19.0,173.0,86.0,229.0,28.4954,1
478,19.12,18.3179,25.6466,0.5513,0.0024,10.2802,0.0,0.0,0.0,0.0106,0.5125,0.6438,0.425,0.5389,0.5786,0.4845,20.0,175.0,74.0,189.0,33.1674,1
479,19.16,18.2717,25.7017,0.5757,0.0023,9.1769,0.0,0.0,0.0,0.0104,0.5109,0.6438,0.4222,0.5389,0.5779,0.4834,20.0,182.0,103.0,221.0,30.4307,1
480,19.2,18.2587,25.7184,0.7503,0.002,8.6407,0.0,0.0,0.0,0.0114,0.5096,0.6422,0.4222,0.5389,0.5743,0.4825,19.0,163.5,80.0,209.0,38.9385,1
481,19.24,18.1918,25.7052,0.4405,0.0015,10.407,0.0,0.0,0.0,0.0111,0.5078,0.6406,0.4222,0.5361,0.5742,0.4817,20.0,162.0,88.0,214.0,35.7338,1
482,19.28,18.0855,25.65,0.5707,0.002,5.5705,0.0,0.0,0.0,0.0105,0.5078,0.6406,0.4194,0.5361,0.5743,0.4797,20.0,194.5,109.0,223.5,31.2507,1
483,19.32,18.0904,25.6667,0.1162,0.0011,3.9746,0.0,0.0,0.0,0.011,0.5078,0.6391,0.4194,0.5361,0.5735,0.4796,20.0,161.0,85.0,214.0,35.6333,1
484,19.36,18.0557,25.7442,0.4604,0.0011,4.754,0.0,0.0,0.0,0.0114,0.5062,0.6391,0.4194,0.5333,0.5715,0.4795,20.0,174.5,87.0,208.0,38.971,1
485,19.4,18.02,25.8319,0.6803,0.0017,15.7694,0.0,0.0,0.0,0.0108,0.5047,0.6391,0.4194,0.5361,0.5716,0.4799,20.0,175.0,93.0,218.0,33.0194,1
486,19.44,18.1297,26.1573,0.5544,0.0047,33.463,0.0,0.0,0.0,0.0131,0.5016,0.6719,0.4194,0.5361,0.579,0.4821,20.0,136.0,72.0,219.0,33.887,1
487,19.48,18.187,26.5564,1.3352,0.0048,61.4304,0.0,0.0,0.0,0.0146,0.4946,0.6719,0.4222,0.5361,0.5807,0.483,20.0,101.0,75.0,215.0,35.5075,1
488,19.52,18.4802,27.6704,1.8159,0.0085,66.7374,0.0,0.0,0.0,0.0183,0.4798,0.6953,0.4222,0.5361,0.5898,0.4829,20.0,140.0,77.0,199.0,35.2827,2
489,19.56,18.4469,27.57,1.5182,0.0114,62.8669,0.0,0.0,0.0,0.0179,0.4484,0.6641,0.4194,0.5333,0.557,0.482,22.0,167.0,107.0,218.0,34.5019,2
490,19.6,18.6434,28.3321,2.0835,0.016,53.8565,0.0,0.0,0.0,0.0212,0.3984,0.6875,0.4194,0.5333,0.5293,0.4788,22.0,176.0,84.0,194.0,36.7534,2
491,19.64,18.725,28.778,2.1976,0.0156,56.2127,0.0,0.0,0.0,0.0215,0.3719,0.6625,0.4194,0.5333,0.5048,0.4786,23.0,169.5,108.5,189.0,34.4624,2
492,19.68,18.8418,29.3866,2.6522,0.0141,66.9695,0.0,0.0,0.0,0.0259,0.3562,0.6891,0.4194,0.5333,0.515,0.4808,22.0,137.5,86.5,208.0,36.2897,1
493,19.72,18.9017,29.5671,2.5353,0.0106,86.8592,0.0,0.0,0.0,0.0257,0.3441,0.6781,0.4194,0.5333,0.5038,0.4807,23.0,117.0,95.0,189.0,37.8955,1
494,19.76,19.0101,30.1107,2.69,0.0095,82.9201,0.0,0.0,0.0,0.0263,0.3359,0.6734,0.4194,0.5333,0.4954,0.4816,25.0,112.5,89.0,168.0,38.9622,1
495,19.8,19.1184,30.6174,2.5781,0.0094,73.8495,0.0,0.0,0.0,0.028,0.3297,0.7016,0.4222,0.5333,0.5026,0.4829,27.0,154.0,80.0,159.0,39.2256,1
496,19.84,19.3779,31.3914,2.0287,0.0081,64.3999,0.0,0.0,0.0,0.0288,0.3234,0.6984,0.4222,0.5361,0.5041,0.4834,27.0,107.0,95.0,144.0,39.4155,1
497,19.88,19.4863,31.909,2.1157,0.0068,51.4132,0.0,0.0,0.0,0.0299,0.3188,0.6969,0.4216,0.5333,0.4996,0.483,28.0,83.0,86.0,133.0,47.1251,1
498,19.92,19.5061,32.2386,1.943,0.0059,43.5225,0.0,0.0,0.0,0.0295,0.3156,0.6938,0.4194,0.5333,0.4971,0.4827,34.0,83.0,80.0,113.0,47.4845,1
499,19.96,19.6059,32.534,1.2203,0.0051,32.2862,0.0,0.0,0.0,0.03,0.3125,0.6906,0.4222,0.5361,0.4933,0.4832,39.0,72.0,79.0,105.0,50.0783,1
500,20.0,19.5897,32.7171,1.2028,0.0042,20.6559,0.0,0.0,0.0,0.0296,0.3125,0.6891,0.4222,0.5361,0.494,0.4839,42.0,68.0,76.0,103.0,49.253,1
501,20.04,19.6837,33.1456,0.9049,0.0039,9.1468,0.0,0.0,0.0,0.0292,0.3125,0.6891,0.4222,0.5361,0.4923,0.4852,61.0,82.0,87.0,95.0,47.4035,1
502,20.08,19.7625,33.3762,0.2467,0.0017,5.2046,0.0,0.0,0.0,0.0296,0.3109,0.6891,0.4222,0.5361,0.492,0.4856,60.0,73.5,81.0,82.0,51.5874,1
503,20.12,19.6885,33.448,0.6705,0.0021,5.526,0.0,0.0,0.0,0.0301,0.3109,0.6891,0.4231,0.5361,0.4917,0.4856,60.0,70.0,80.0,79.0,55.1411,1
504,20.16,19.587,33.4428,0.891,0.0036,6.3334,0.0,0.0,0.0,0.0293,0.3125,0.6891,0.4222,0.5361,0.4934,0.485,58.0,67.0,79.0,54.0,50.745,1
505,20.2,19.5637,33.3697,0.4392,0.0038,4.4688,0.0,0.0,0.0,0.0287,0.3141,0.6906,0.4222,0.5361,0.4939,0.4847,55.0,63.0,76.0,57.0,52.8867,1
506,20.24,19.5266,33.447,0.898,0.0029,8.1765,0.0,0.0,0.0,0.0291,0.3156,0.6891,0.4222,0.5361,0.4941,0.4842,58.0,66.0,77.0,50.0,53.0029,1
507,20.28,19.3794,33.1669,0.9803,0.0041,14.7274,0.0,0.0,0.0,0.0284,0.3188,0.6875,0.4222,0.5333,0.4958,0.4841,56.0,65.0,76.0,54.0,53.0021,1
508,20.32,19.2204,32.6896,1.1421,0.0051,31.1825,0.0,0.0,0.0,0.0273,0.3203,0.6828,0.425,0.5333,0.4941,0.4839,53.0,62.0,75.5,57.0,53.1972,1
509,20.36,18.8357,31.8374,2.4586,0.0069,65.6001,0.0,0.0,0.0,0.0251,0.3281,0.6734,0.4278,0.5333,0.4919,0.4847,55.0,63.0,75.0,57.0,56.5772,1
510,20.4,18.2198,30.1962,3.1808,0.0094,98.718,0.0,0.0,0.0,0.0203,0.3438,0.6562,0.4333,0.5278,0.4945,0.4862,53.0,62.0,74.0,55.0,60.8238,1
511,20.44,17.6886,28.7749,2.7111,0.0087,99.7864,0.0,0.0,0.0,0.0162,0.3594,0.6344,0.4417,0.5278,0.4903,0.4878,55.0,63.0,76.0,57.0,64.6143,1
512,20.48,17.4422,28.0331,1.589,0.0054,83.3583,0.0,0.0,0.0,0.014,0.3672,0.6234,0.4472,0.525,0.49,0.4898,60.0,69.0,80.0,53.5,70.9775,1
513,20.52,17.295,27.7561,1.2836,0.0038,51.5394,0.0,0.0,0.0,0.0129,0.3703,0.6172,0.45,0.525,0.4877,0.4908,56.0,66.0,76.0,51.0,72.5375,1
514,20.56,17.0964,27.4338,0.9897,0.0031,25.8446,0.0,0.0,0.0,0.012,0.3734,0.6125,0.4516,0.525,0.4885,0.4922,58.0,67.0,76.0,52.0,77.4378,1
515,20.6,17.0651,27.3358,0.3452,0.0021,12.6475,0.0,0.0,0.0,0.012,0.3734,0.61,0.4528,0.525,0.4874,0.4922,59.0,67.0,77.0,52.0,78.8419,1
516,20.64,16.9881,27.2864,0.5622,0.0016,6.5073,0.0,0.0,0.0,0.0119,0.375,0.6109,0.4528,0.525,0.4868,0.492,60.0,69.0,79.0,43.0,76.9484,1
517,20.68,16.9333,27.3099,0.6129,0.0014,5.8939,0.0,0.0,0.0,0.0118,0.375,0.6109,0.4528,0.525,0.4882,0.4925,62.5,72.0,80.0,43.0,72.8439,1
518,20.72,16.9125,27.2394,0.1218,0.0012,3.8144,0.0,0.0,0.0,0.0114,0.375,0.6094,0.4528,0.525,0.4886,0.4928,65.5,74.0,81.5,42.0,75.1741,1
519,20.76,16.8634,27.2648,0.4059,0.0002,0.7636,0.0,0.0,0.0,0.0115,0.3758,0.6101,0.4528,0.5278,0.4891,0.4928,61.5,69.0,80.5,46.0,74.9953,1
520,20.8,16.8113,27.3124,0.559,0.0009,3.9799,0.0,0.0,0.0,0.0115,0.375,0.6109,0.4528,0.5278,0.4893,0.4925,61.0,68.0,80.0,45.0,74.1381,1
521,20.84,16.8215,27.337,0.1774,0.0017,5.4174,0.0,0.0,0.0,0.0117,0.3765,0.6109,0.4528,0.525,0.4877,0.492,56.0,66.0,77.0,51.0,74.9594,1
522,20.88,16.7713,27.3378,0.5198,0.0015,5.7324,0.0,0.0,0.0,0.0116,0.3766,0.6109,0.4528,0.525,0.4881,0.4914,63.0,71.0,81.5,44.5,73.5493,1
523,20.92,16.7347,27.3643,0.6254,0.0025,6.6626,0.0,0.0,0.0,0.0117,0.375,0.6078,0.45,0.5222,0.4863,0.4893,63.0,72.0,83.0,54.0,78.4056,1
524,20.96,16.7439,27.3882,0.2453,0.0021,7.1139,0.0,0.0,0.0,0.0118,0.375,0.6094,0.45,0.5222,0.4865,0.4891,55.0,63.0,75.0,56.0,75.7626,1
525,21.0,16.7012,27.4101,0.5921,0.0015,5.5708,0.0,0.0,0.0,0.0117,0.3734,0.6078,0.45,0.5222,0.4854,0.4889,59.0,67.0,79.0,51.0,76.07,1
526,21.04,16.6357,27.4276,0.5569,0.001,4.927,0.0,0.0,0.0,0.012,0.3734,0.6082,0.45,0.5222,0.4849,0.489,61.0,69.0,80.0,48.0,78.9711,1
527,21.08,16.5505,27.392,0.6299,0.0011,4.9735,0.0,0.0,0.0,0.0118,0.3734,0.6094,0.45,0.5222,0.4848,0.4898,70.0,80.0,88.0,46.0,75.5605,1
528,21.12,16.5366,27.3506,0.1342,0.0011,5.1666,0.0,0.0,0.0,0.0114,0.374,0.6088,0.4528,0.525,0.4864,0.4906,67.0,73.0,82.0,42.0,73.976,1
529,21.16,16.5275,27.4368,0.4644,0.0014,4.8438,0.0,0.0,0.0,0.0116,0.375,0.6094,0.45,0.525,0.4882,0.4912,63.0,71.0,81.0,47.0,72.0219,1
530,21.2,16.4958,27.4971,0.6174,0.0013,4.3298,0.0,0.0,0.0,0.0116,0.375,0.6094,0.4518,0.525,0.4883,0.4911,66.0,72.0,83.0,43.0,73.9135,1
531,21.24,16.4906,27.4755,0.1485,0.0012,4.3184,0.0,0.0,0.0,0.0117,0.375,0.6094,0.4528,0.525,0.4867,0.4911,67.0,73.0,83.0,46.0,75.8587,1
532,21.28,16.4403,27.4587,0.5196,0.0013,4.7851,0.0,0.0,0.0,0.0116,0.3766,0.6109,0.4528,0.525,0.4882,0.4914,62.0,69.0,82.0,43.0,73.4391,1
533,21.32,16.3671,27.4394,0.6154,0.0009,3.9997,0.0,0.0,0.0,0.0117,0.3766,0.6109,0.4528,0.525,0.4894,0.4918,56.0,63.0,76.0,43.0,73.4505,1
534,21.36,16.3723,27.4522,0.1253,0.001,4.0288,0.0,0.0,0.0,0.0115,0.3766,0.6109,0.4528,0.525,0.4899,0.4919,56.0,63.0,75.0,50.0,73.9895,1
535,21.4,16.3751,27.5013,0.4799,0.0011,3.8994,0.0,0.0,0.0,0.0116,0.3766,0.6109,0.4528,0.525,0.4889,0.492,55.5,63.0,76.0,53.0,76.6956,1
536,21.44,16.2974,27.4912,0.6217,0.0007,3.3967,0.0,0.0,0.0,0.0118,0.3766,0.6109,0.4528,0.525,0.4881,0.492,54.5,62.0,74.0,53.5,78.9913,1
537,21.48,16.287,27.4588,0.1014,0.0007,3.6069,0.0,0.0,0.0,0.0118,0.3766,0.6094,0.4528,0.525,0.4867,0.4922,58.5,63.0,74.0,44.5,82.2911,1
538,21.52,16.2718,27.5187,0.506,0.0012,3.8073,0.0,0.0,0.0,0.012,0.3781,0.6109,0.4528,0.525,0.4878,0.4919,60.0,67.0,80.0,49.0,78.3547,1
539,21.56,16.2079,27.4662,0.5845,0.0014,6.596,0.0,0.0,0.0,0.0115,0.3781,0.6116,0.4528,0.525,0.49,0.4918,55.0,63.0,76.0,51.0,75.1987,1
540,21.6,16.2378,27.5881,0.7437,0.0015,5.4909,0.0,0.0,0.0,0.0117,0.3781,0.6125,0.4528,0.525,0.4914,0.4916,55.0,63.0,74.0,57.0,73.2397,1
541,21.64,16.2058,27.5749,0.4186,0.0008,2.5887,0.0,0.0,0.0,0.0115,0.3781,0.6125,0.4528,0.525,0.4922,0.491,59.5,68.0,77.0,51.0,72.5952,1
542,21.68,16.1388,27.535,0.6141,0.002,5.8298,0.0,0.0,0.0,0.0115,0.3766,0.6125,0.45,0.5222,0.4887,0.4897,65.0,72.0,82.0,47.0,74.6294,1
543,21.72,16.1463,27.5547,0.3307,0.0027,10.3616,0.0,0.0,0.0,0.0116,0.3766,0.6094,0.45,0.5222,0.4878,0.4891,56.0,64.0,75.0,52.0,77.9421,1
544,21.76,16.1285,27.5959,0.6434,0.0022,9.5626,0.0,0.0,0.0,0.0119,0.3766,0.6109,0.45,0.5222,0.4873,0.4891,68.5,75.0,83.0,40.5,76.2116,1
545,21.8,16.0916,27.5932,0.6309,0.002,7.0816,0.0,0.0,0.0,0.0115,0.375,0.6085,0.45,0.5222,0.4871,0.489,58.0,67.0,77.0,52.0,74.9164,1
546,21.84,16.0581,27.6004,0.524,0.0009,3.26,0.0,0.0,0.0,0.0116,0.375,0.6094,0.45,0.5222,0.488,0.489,56.0,65.0,76.0,55.0,75.1176,1
547,21.88,16.0624,27.6115,0.197,0.0015,6.0631,0.0,0.0,0.0,0.0118,0.375,0.6078,0.45,0.5222,0.4855,0.489,58.5,67.0,79.0,54.0,81.043,1
548,21.92,16.0297,27.6318,0.6632,0.0024,8.5926,0.0,0.0,0.0,0.0116,0.3766,0.6109,0.45,0.5222,0.4874,0.4899,60.0,67.0,81.0,48.0,73.4479,1
549,21.96,15.9935,27.6483,0.7214,0.0026,6.956,0.0,0.0,0.0,0.0116,0.3766,0.6109,0.4528,0.525,0.4895,0.4911,67.0,72.0,81.0,43.0,74.1743,1
550,22.0,15.9921,27.6406,0.1763,0.0016,4.8416,0.0,0.0,0.0,0.0118,0.3781,0.6109,0.4528,0.525,0.4888,0.4919,62.0,72.0,82.0,49.0,76.7268,1
551,22.04,15.9641,27.6179,0.4535,0.001,3.539,0.0,0.0,0.0,0.0119,0.3766,0.6109,0.4528,0.525,0.4871,0.4919,61.0,68.0,79.0,48.0,80.1863,1
552,22.08,15.9484,27.6885,0.622,0.0014,5.0892,0.0,0.0,0.0,0.0117,0.3766,0.6109,0.4528,0.525,0.4885,0.4918,58.0,65.0,76.0,50.0,76.7249,1
553,22.12,15.9565,27.7105,0.175,0.0016,4.9829,0.0,0.0,0.0,0.0118,0.3766,0.6109,0.4528,0.525,0.4877,0.4921,66.0,72.0,82.0,43.0,71.8435,1
554,22.16,15.8983,27.6308,0.5246,0.0011,4.6292,0.0,0.0,0.0,0.0115,0.375,0.6109,0.4528,0.525,0.4875,0.4923,59.0,66.0,80.0,48.0,73.7962,1
555,22.2,15.8408,27.6006,0.5482,0.0005,3.2068,0.0,0.0,0.0,0.0116,0.375,0.6109,0.4528,0.525,0.4868,0.4923,67.0,73.0,81.0,42.0,73.0705,1
556,22.24,15.8555,27.6446,0.0727,0.0006,2.8354,0.0,0.0,0.0,0.0118,0.375,0.6094,0.4528,0.525,0.4858,0.4923,74.0,79.5,87.0,38.5,74.3404,1
557,22.28,15.8458,27.6503,0.5153,0.0008,3.0076,0.0,0.0,0.0,0.0117,0.375,0.6094,0.4528,0.525,0.4854,0.4922,65.0,72.0,82.0,45.5,77.5908,1
558,22.32,15.8438,27.7203,0.5654,0.0009,3.6469,0.0,0.0,0.0,0.0116,0.375,0.6078,0.4528,0.525,0.4858,0.4921,63.0,73.0,84.0,50.0,76.3727,1
559,22.36,15.8365,27.6947,0.1557,0.0012,5.0545,0.0,0.0,0.0,0.0115,0.375,0.6094,0.4528,0.525,0.487,0.4921,62.0,68.0,81.0,48.0,73.9061,1
560,22.4,15.8097,27.7073,0.5688,0.0013,4.2029,0.0,0.0,0.0,0.0117,0.3734,0.6078,0.4528,0.525,0.4851,0.4919,69.0,75.0,86.0,42.0,72.7309,1
561,22.44,15.7767,27.6947,0.4768,0.0006,2.2561,0.0,0.0,0.0,0.0117,0.3734,0.6094,0.4528,0.525,0.4849,0.4917,63.5,72.0,82.0,49.5,74.6831,1
562,22.48,15.759,27.6402,0.1241,0.001,3.729,0.0,0.0,0.0,0.0115,0.375,0.6094,0.4528,0.525,0.4862,0.4917,60.0,66.0,79.0,51.0,76.4044,1
563,22.52,15.7715,27.7303,0.5366,0.001,4.1511,0.0,0.0,0.0,0.0116,0.375,0.6078,0.4528,0.525,0.4857,0.4916,58.0,67.0,80.0,51.0,77.9586,1
564,22.56,15.7499,27.7083,0.5731,0.0008,3.9158,0.0,0.0,0.0,0.0116,0.375,0.6078,0.4528,0.525,0.484,0.4917,59.0,66.0,80.0,55.0,82.5816,1
565,22.6,15.7184,27.6977,0.5145,0.0002,1.1835,0.0,0.0,0.0,0.0117,0.375,0.6078,0.4528,0.525,0.4841,0.4917,58.0,66.0,80.0,54.0,82.1693,1
566,22.64,15.7545,27.8025,0.1149,0.0009,3.9964,0.0,0.0,0.0,0.0116,0.375,0.6078,0.4528,0.525,0.486,0.4917,61.0,70.0,81.0,46.0,76.3403,1
567,22.68,15.7453,27.7972,0.3671,0.0003,1.545,0.0,0.0,0.0,0.0117,0.375,0.6078,0.4528,0.525,0.4855,0.4917,63.0,73.0,86.0,46.0,77.052,1
568,22.72,15.7434,27.8017,0.5757,0.0013,4.6929,0.0,0.0,0.0,0.0118,0.375,0.6094,0.4528,0.525,0.4851,0.4918,68.0,74.0,86.0,44.0,79.9547,1
569,22.76,15.7461,27.8032,0.2362,0.002,7.4912,0.0,0.0,0.0,0.0114,0.3766,0.6105,0.4528,0.525,0.4884,0.4915,61.0,73.0,84.0,43.0,73.9184,1
570,22.8,15.654,27.6615,0.7116,0.0026,5.4166,0.0,0.0,0.0,0.0114,0.3766,0.6094,0.45,0.5222,0.4884,0.4896,66.0,74.0,86.0,38.5,73.4347,1
571,22.84,15.659,27.7033,0.7086,0.0016,7.3251,0.0,0.0,0.0,0.0117,0.3766,0.6094,0.45,0.5222,0.4866,0.4888,65.0,72.0,83.0,44.0,80.2683,1
572,22.88,15.6727,27.7445,0.1043,0.0007,2.3965,0.0,0.0,0.0,0.0116,0.3766,0.6094,0.45,0.5222,0.4878,0.4889,73.0,77.0,87.0,37.0,77.259,1
573,22.92,15.6671,27.7697,0.4038,0.0005,2.8422,0.0,0.0,0.0,0.0115,0.3766,0.6094,0.45,0.5222,0.4886,0.489,66.5,74.0,86.0,43.0,75.7709,1
574,22.96,15.6617,27.752,0.5134,0.0007,4.0191,0.0,0.0,0.0,0.0114,0.3766,0.6105,0.45,0.5222,0.4891,0.4888,66.0,74.0,86.0,43.0,74.3984,1
